-- phpMyAdmin SQL Dump
-- version 5.2.0
-- https://www.phpmyadmin.net/
--
-- Host: localhost
-- Creato il: Mar 01, 2023 alle 12:43
-- Versione del server: 10.5.18-MariaDB-0+deb11u1
-- Versione PHP: 8.2.1

SET SQL_MODE = "NO_AUTO_VALUE_ON_ZERO";
START TRANSACTION;
SET time_zone = "+00:00";


/*!40101 SET @OLD_CHARACTER_SET_CLIENT=@@CHARACTER_SET_CLIENT */;
/*!40101 SET @OLD_CHARACTER_SET_RESULTS=@@CHARACTER_SET_RESULTS */;
/*!40101 SET @OLD_COLLATION_CONNECTION=@@COLLATION_CONNECTION */;
/*!40101 SET NAMES utf8mb4 */;

--
-- Database: `techseum`
--

-- --------------------------------------------------------

--
-- Struttura della tabella `acquisizioni`
--

CREATE TABLE `acquisizioni` (
  `codassoluto` int(3) NOT NULL,
  `codacquisizione` int(2) NOT NULL,
  `tipoacquisizione` char(1) NOT NULL COMMENT '''D'' -> Donazione; ''A'' -> Acquisto; ''R'' -> Rubato; ''T'' -> Trovato; ''C'' -> Costruito; ''O'' -> Altro tipo di acquisizione (serio?)',
  `dasoggetto` char(50) DEFAULT NULL,
  `quantita` int(3) NOT NULL
) ENGINE=MyISAM DEFAULT CHARSET=latin1 COLLATE=latin1_swedish_ci;

--
-- Dump dei dati per la tabella `acquisizioni`
--

INSERT INTO `acquisizioni` (`codassoluto`, `codacquisizione`, `tipoacquisizione`, `dasoggetto`, `quantita`) VALUES
(1, 0, 'A', NULL, 1),
(2, 0, 'A', NULL, 1),
(3, 0, 'A', NULL, 1),
(4, 0, 'A', NULL, 1),
(5, 0, 'A', NULL, 2),
(6, 0, 'A', NULL, 1),
(7, 0, 'A', NULL, 1),
(8, 0, 'A', NULL, 1),
(9, 0, 'A', NULL, 2),
(10, 0, 'A', NULL, 1),
(11, 0, 'A', NULL, 2),
(12, 0, 'A', NULL, 33),
(13, 0, 'A', NULL, 1),
(14, 0, 'A', NULL, 1),
(15, 0, 'A', NULL, 1),
(16, 0, 'A', NULL, 22),
(17, 0, 'A', NULL, 1),
(18, 0, 'C', NULL, 1),
(19, 0, 'C', NULL, 1),
(20, 0, 'A', NULL, 1),
(21, 0, 'A', NULL, 1),
(22, 0, 'D', NULL, 1),
(23, 0, 'A', NULL, 1),
(24, 0, 'C', NULL, 1),
(25, 0, 'A', NULL, 3),
(26, 0, 'A', NULL, 1),
(27, 0, 'A', NULL, 1),
(28, 0, 'A', NULL, 1),
(29, 0, 'C', NULL, 1),
(30, 0, 'A', NULL, 1),
(31, 0, 'A', NULL, 1),
(32, 0, 'D', NULL, 1),
(33, 0, 'A', NULL, 1),
(34, 0, 'D', NULL, 1),
(35, 0, 'D', NULL, 1),
(36, 0, 'A', NULL, 1),
(37, 0, 'A', NULL, 1),
(38, 0, 'C', NULL, 1),
(39, 0, 'A', NULL, 1),
(40, 0, 'A', NULL, 1),
(41, 0, 'A', NULL, 1),
(42, 0, 'A', NULL, 1),
(43, 0, 'A', NULL, 1),
(44, 0, 'A', NULL, 1),
(45, 0, 'A', NULL, 1),
(46, 0, 'A', NULL, 1),
(47, 0, 'A', NULL, 1),
(48, 0, 'A', NULL, 1),
(49, 0, 'A', NULL, 1),
(50, 0, 'A', NULL, 2),
(51, 0, 'A', NULL, 2),
(52, 0, 'A', NULL, 1),
(53, 0, 'A', NULL, 1),
(54, 0, 'A', NULL, 2),
(55, 0, 'A', NULL, 1),
(56, 0, 'A', NULL, 1),
(57, 0, 'A', NULL, 1),
(58, 0, 'A', NULL, 1),
(59, 0, 'D', NULL, 1),
(60, 0, 'A', NULL, 1),
(61, 0, 'A', NULL, 1),
(62, 0, 'A', NULL, 1),
(63, 0, 'A', NULL, 1),
(64, 0, 'A', NULL, 1),
(65, 0, 'A', NULL, 1),
(66, 0, 'A', NULL, 1),
(67, 0, 'D', NULL, 1),
(68, 0, 'A', NULL, 1),
(69, 0, 'A', NULL, 4),
(70, 0, 'A', NULL, 2),
(71, 0, 'A', NULL, 1),
(72, 0, 'A', NULL, 4),
(73, 0, 'A', NULL, 5),
(74, 0, 'A', NULL, 2),
(75, 0, 'A', NULL, 4),
(76, 0, 'A', NULL, 1),
(77, 0, 'A', NULL, 2),
(78, 0, 'A', NULL, 1),
(79, 0, 'A', NULL, 1),
(80, 0, 'A', NULL, 1),
(81, 0, 'D', NULL, 1),
(82, 0, 'D', NULL, 1),
(83, 0, 'A', NULL, 1),
(84, 0, 'A', NULL, 91),
(85, 0, 'D', NULL, 1),
(86, 0, 'A', NULL, 1),
(87, 0, 'D', NULL, 1),
(88, 0, '', NULL, 1),
(89, 0, 'D', NULL, 1),
(90, 0, '', NULL, 1),
(91, 0, 'D', NULL, 1),
(92, 0, 'A', NULL, 1),
(93, 0, '', NULL, 1),
(94, 0, 'D', NULL, 1),
(95, 0, '', NULL, 1),
(96, 0, 'A', NULL, 1),
(97, 0, '', NULL, 1),
(98, 0, 'A', NULL, 1),
(99, 0, 'A', NULL, 1),
(100, 0, 'D', NULL, 1),
(101, 0, 'D', NULL, 1),
(102, 0, 'A', NULL, 1),
(103, 0, 'D', NULL, 1),
(104, 0, 'A', NULL, 1),
(105, 0, 'A', NULL, 9),
(106, 0, 'A', NULL, 1),
(107, 0, 'A', NULL, 17),
(108, 0, 'A', NULL, 18),
(109, 0, 'A', NULL, 2),
(110, 0, 'A', NULL, 3),
(111, 0, 'A', NULL, 2),
(112, 0, 'A', NULL, 6),
(113, 0, 'A', NULL, 4),
(114, 0, 'A', NULL, 4),
(115, 0, 'A', NULL, 2),
(116, 0, 'A', NULL, 2),
(117, 0, 'A', NULL, 8),
(118, 0, 'A', NULL, 6),
(119, 0, 'A', NULL, 18),
(120, 0, 'A', NULL, 3),
(121, 0, 'A', NULL, 10),
(122, 0, 'A', NULL, 10),
(123, 0, 'A', NULL, 26),
(124, 0, 'A', NULL, 10),
(125, 0, 'A', NULL, 12),
(126, 0, 'A', NULL, 2),
(127, 0, 'A', NULL, 2),
(128, 0, 'A', NULL, 15),
(129, 0, 'A', NULL, 4),
(130, 0, 'A', NULL, 5),
(131, 0, 'A', NULL, 16),
(132, 0, 'A', NULL, 3),
(133, 0, 'A', NULL, 4),
(134, 0, 'A', NULL, 25),
(135, 0, 'A', NULL, 3),
(136, 0, 'A', NULL, 2),
(137, 0, '', NULL, 1),
(138, 0, 'A', NULL, 9),
(139, 0, 'A', NULL, 2),
(140, 0, 'A', NULL, 7),
(141, 0, 'A', NULL, 4),
(142, 0, 'A', NULL, 1),
(143, 0, 'A', NULL, 1),
(144, 0, 'A', NULL, 2),
(145, 0, 'A', NULL, 9),
(146, 0, 'A', NULL, 1),
(147, 0, 'A', NULL, 3),
(148, 0, 'A', NULL, 25),
(149, 0, 'A', NULL, 1),
(150, 0, 'A', NULL, 1),
(151, 0, 'A', NULL, 100),
(152, 0, 'A', NULL, 3),
(153, 0, 'A', NULL, 1),
(154, 0, 'A', NULL, 1),
(155, 0, 'D', NULL, 1),
(156, 0, 'A', NULL, 1),
(157, 0, 'A', NULL, 4),
(158, 0, 'A', NULL, 1),
(159, 0, 'A', NULL, 1),
(160, 0, 'A', NULL, 4),
(161, 0, 'A', NULL, 1),
(162, 0, 'A', NULL, 1),
(163, 0, 'D', NULL, 1),
(164, 0, 'D', NULL, 1),
(165, 0, 'A', NULL, 2),
(166, 0, 'A', NULL, 1),
(167, 0, 'A', NULL, 1),
(168, 0, 'A', NULL, 1),
(169, 0, 'A', NULL, 1),
(170, 0, 'A', NULL, 2),
(171, 0, 'A', NULL, 1),
(172, 0, 'A', NULL, 1),
(173, 0, 'A', NULL, 1),
(174, 0, 'A', NULL, 1),
(175, 0, 'A', NULL, 1),
(176, 0, 'A', NULL, 2),
(177, 0, 'D', NULL, 1),
(178, 0, 'A', NULL, 1),
(179, 0, 'D', NULL, 1);

-- --------------------------------------------------------

--
-- Struttura della tabella `autore`
--

CREATE TABLE `autore` (
  `codautore` int(3) NOT NULL,
  `nomeautore` text NOT NULL,
  `annonascita` int(4) NOT NULL,
  `annofine` int(4) NOT NULL
) ENGINE=MyISAM DEFAULT CHARSET=latin1 COLLATE=latin1_swedish_ci;

--
-- Dump dei dati per la tabella `autore`
--

INSERT INTO `autore` (`codautore`, `nomeautore`, `annonascita`, `annofine`) VALUES
(1, 'BTicino S.p.A.', 1936, 0),
(2, 'Rapizzi brevetti', 1912, 0),
(3, 'Siemens', 1847, 0),
(5, 'BRETER S.R.L.', 2001, 0),
(7, 'Theben AG', 1921, 0),
(8, 'I.C.E.', -1, -1),
(9, 'Asia-Italia ', -1, -1),
(10, 'Officine Galileo', 1862, 0),
(11, 'Coupatan - FCS Group', -1, -1),
(12, 'Magic S.R.L.', 70, 0),
(13, 'RAD', -1, -1),
(14, 'UNAOHM ', 1935, 0),
(15, 'Società Allocchio Bacchini & Co.', 1920, 1945),
(16, 'Philo Farnsworth', 1906, 1971),
(17, 'RAD-TRONIC', -1, -1),
(19, 'Sielte S.p.A.', 1925, 0),
(20, 'LESA', 1929, 1972),
(21, 'Philips ', 1891, 0),
(22, 'Samar S.r.l.', -1, -1),
(23, 'Dr. Ing. Stefano Ferrari', -1, -1),
(24, 'Costruttori Associati Meridionali S.p.A. / Siemens / C.G.S.', -1, -1),
(25, 'Groupe SEB', 1857, 0),
(26, 'Elettronica Veneta S.p.A.', 1963, 0),
(27, ' Unaohm Start S.R.L.', 1935, 0),
(28, ' TES - Tecnica Elettronica System S.R.L.', -1, -1),
(29, 'Conacom', -1, -1),
(30, 'Kokhett', -1, -1),
(31, 'EUROVOX', -1, 0),
(32, 'Philips', -1, -1),
(33, 'Didacta', -1, -1),
(34, 'Goko', -1, -1),
(35, 'Malinverno', -1, -1),
(36, 'Technicolor', 1914, 0),
(37, 'Rollei', 1920, 0),
(38, 'Bauer', -1, -1),
(39, 'Paravia', 1765, 0),
(40, 'O.R.M.A.', -1, -1),
(41, 'Gallileo ', -1, -1),
(42, 'BISTABIL', -1, -1),
(43, 'PHYWE', -1, -1),
(45, 'NATURA', -1, -1),
(46, 'R.A.D.A.R. S.p.A.', -1, -1),
(47, 'tecnodatta', -1, -1),
(48, 'Commodore Business Machines', 1954, 1994),
(49, 'Texas Instrument', 1951, 0),
(50, 'Victor Technologies Inc.', 1980, 0),
(51, 'Nokia', 1865, 0),
(52, 'Seiko Epson Corporation', -1, -1),
(54, 'FATME', 1918, 1994),
(55, 'Canon', 1937, 0),
(56, 'Prodotto da Brondi e FATME per la Sip', 1964, 1994),
(57, 'TELECOM', 1994, 0),
(58, 'IBM', 1911, 0),
(59, '3M', -1, -1),
(60, 'Sony', 1946, 0),
(61, 'Panasonic', -1, -1),
(63, 'Mitsumi', 1954, 0),
(64, 'De Agostini', 1901, 0),
(65, 'Atari', 1972, 0),
(66, 'Olivetti', 1908, 0),
(67, 'Addo', 1920, 1966),
(68, 'Sperry corporation', 1910, 1986),
(69, 'UITA Trade Mark', -1, -1),
(70, 'MG S.p.A.', -1, -1),
(71, 'GDM srl', -1, -1),
(72, 'Bomet- Stobgeschutzt', -1, -1),
(73, 'Armando Antolini', -1, -1),
(74, 'Dami Ferruccio srl, Cosmos', -1, -1),
(75, 'GB Meccanica e SEB srl', -1, -1),
(76, 'Azienda Beta (provenienza sconosciuta)', -1, -1),
(77, 'USAG', -1, -1),
(78, 'Impero', -1, -1),
(79, 'SB', -1, -1),
(80, 'URSUS', -1, -1),
(81, 'Azienda Rotar', -1, -1),
(82, 'ABW Solid', -1, -1),
(83, 'O.M.Z. (Officina Meccanica Zanotti) spa', -1, -1),
(84, 'Varie aziende', -1, -1),
(85, 'FIAT', -1, -1),
(86, 'Martin-Azienda costruttrice', -1, -1),
(87, 'Paul Epstein', 1871, 1939),
(88, 'FIER', -1, -1),
(89, 'INGERS ', -1, -1),
(90, 'Nestler', 1905, 1978),
(91, 'Marelli S.p.A.', -1, -1),
(92, 'Marelli S.p.A.', -1, -1),
(93, 'A. Antolini', -1, -1),
(94, 'Maimin', 1890, 0),
(95, 'Tricotex', -1, -1),
(96, 'bimak', -1, -1),
(97, 'Fornindustria', 1970, 0),
(98, 'Pedrazzoli IBP-Super Brown', -1, -1),
(99, 'Comec', -1, -1),
(100, 'Delta', -1, -1),
(101, 'Comec', 1961, 0),
(102, 'A.Antolini', -1, -1),
(103, 'Meli', -1, -1),
(104, ' Bieffe', -1, -1),
(105, 'F. Cozzi', -1, -1),
(106, 'Elettronica Veneta', 1963, 0),
(109, 'Arthur Pfeiffer G.m.b.H Wetzlar', -1, -1),
(110, 'LLM', -1, -1),
(111, 'Pellizzari S.r.l.', -1, -1),
(112, 'Zucor', -1, -1),
(114, 'Nashua Corporation', -1, -1),
(115, 'SKC Corporation', -1, -1),
(116, 'TDK', -1, -1);

-- --------------------------------------------------------

--
-- Struttura della tabella `compostoda`
--

CREATE TABLE `compostoda` (
  `codassoluto` int(3) NOT NULL,
  `codmateriale` int(3) NOT NULL
) ENGINE=MyISAM DEFAULT CHARSET=latin1 COLLATE=latin1_swedish_ci;

--
-- Dump dei dati per la tabella `compostoda`
--

INSERT INTO `compostoda` (`codassoluto`, `codmateriale`) VALUES
(1, 1),
(1, 2),
(1, 3),
(1, 4),
(2, 1),
(2, 2),
(2, 3),
(2, 4),
(3, 1),
(3, 2),
(3, 3),
(3, 4),
(4, 1),
(4, 2),
(4, 3),
(4, 4),
(5, 2),
(5, 3),
(5, 4),
(6, 2),
(6, 3),
(6, 4),
(7, 2),
(7, 3),
(7, 4),
(8, 2),
(8, 3),
(8, 4),
(9, 2),
(9, 3),
(9, 4),
(10, 2),
(10, 5),
(11, 1),
(11, 2),
(11, 3),
(11, 4),
(11, 6),
(12, 3),
(12, 4),
(13, 2),
(13, 3),
(14, 2),
(14, 3),
(14, 4),
(15, 2),
(15, 3),
(15, 4),
(16, 2),
(16, 3),
(17, 2),
(17, 3),
(18, 2),
(18, 3),
(18, 4),
(19, 2),
(19, 3),
(19, 4),
(20, 2),
(20, 3),
(20, 4),
(21, 2),
(21, 3),
(21, 4),
(22, 2),
(22, 3),
(22, 4),
(22, 7),
(23, 2),
(23, 3),
(23, 4),
(23, 7),
(24, 2),
(24, 4),
(24, 5),
(25, 2),
(25, 3),
(25, 4),
(26, 2),
(26, 3),
(26, 4),
(27, 2),
(27, 3),
(27, 4),
(27, 8),
(28, 2),
(28, 3),
(28, 4),
(29, 2),
(29, 3),
(29, 4),
(30, 2),
(30, 3),
(30, 4),
(30, 6),
(30, 9),
(31, 2),
(31, 3),
(31, 4),
(31, 8),
(32, 2),
(32, 3),
(32, 4),
(33, 2),
(33, 3),
(33, 4),
(34, 2),
(34, 3),
(34, 4),
(35, 2),
(35, 3),
(35, 4),
(36, 2),
(36, 3),
(37, 2),
(37, 3),
(37, 4),
(37, 7),
(38, 2),
(38, 3),
(38, 4),
(38, 10),
(39, 2),
(39, 3),
(39, 4),
(39, 7),
(40, 2),
(40, 3),
(40, 4),
(40, 7),
(40, 8),
(41, 2),
(41, 3),
(41, 4),
(41, 7),
(41, 8),
(42, 2),
(42, 3),
(42, 4),
(43, 2),
(43, 3),
(44, 2),
(44, 3),
(45, 2),
(45, 3),
(45, 4),
(45, 6),
(45, 7),
(46, 2),
(46, 3),
(46, 4),
(46, 6),
(46, 7),
(47, 2),
(47, 3),
(47, 4),
(48, 2),
(48, 8),
(48, 11),
(49, 2),
(49, 3),
(50, 3),
(50, 7),
(51, 3),
(51, 6),
(52, 2),
(52, 3),
(53, 2),
(53, 3),
(53, 7),
(54, 2),
(54, 3),
(55, 2),
(55, 3),
(56, 2),
(56, 3),
(57, 2),
(57, 7),
(58, 2),
(58, 7),
(59, 2),
(59, 3),
(60, 3),
(60, 7),
(61, 2),
(61, 3),
(61, 7),
(62, 2),
(62, 3),
(62, 8),
(63, 2),
(63, 3),
(64, 2),
(64, 3),
(64, 7),
(65, 2),
(65, 7),
(65, 8),
(66, 2),
(66, 3),
(66, 7),
(67, 2),
(67, 3),
(67, 7),
(68, 2),
(69, 3),
(70, 7),
(71, 7),
(72, 2),
(73, 7),
(74, 7),
(75, 12),
(76, 3),
(77, 3),
(77, 10),
(78, 4),
(78, 3),
(78, 2),
(79, 3),
(79, 4),
(79, 5),
(80, 2),
(80, 3),
(80, 4),
(81, 3),
(81, 4),
(81, 6),
(81, 7),
(82, 3),
(82, 4),
(82, 7),
(83, 2),
(83, 3),
(83, 13),
(84, 2),
(84, 3),
(84, 14),
(85, 3),
(85, 15),
(86, 2),
(86, 3),
(86, 4),
(87, 2),
(87, 3),
(87, 7),
(88, 2),
(88, 3),
(89, 2),
(89, 3),
(89, 7),
(90, 2),
(90, 3),
(90, 7),
(91, 2),
(91, 3),
(91, 7),
(92, 2),
(92, 3),
(93, 2),
(93, 3),
(93, 7),
(94, 2),
(94, 3),
(94, 7),
(95, 2),
(95, 3),
(95, 7),
(96, 2),
(96, 3),
(96, 4),
(97, 2),
(97, 3),
(98, 2),
(98, 4),
(98, 6),
(99, 3),
(99, 4),
(99, 6),
(99, 16),
(100, 10),
(101, 2),
(101, 3),
(101, 4),
(101, 6),
(101, 16),
(102, 2),
(102, 3),
(102, 4),
(102, 16),
(103, 2),
(103, 10),
(104, 2),
(104, 3),
(105, 2),
(106, 2),
(106, 8),
(107, 2),
(108, 2),
(109, 2),
(110, 2),
(111, 2),
(112, 2),
(113, 2),
(113, 3),
(114, 2),
(114, 3),
(115, 2),
(116, 2),
(117, 2),
(118, 2),
(119, 2),
(120, 2),
(121, 2),
(122, 2),
(123, 2),
(124, 2),
(124, 8),
(125, 2),
(126, 2),
(126, 8),
(127, 2),
(128, 2),
(129, 2),
(130, 17),
(132, 2),
(133, 2),
(134, 2),
(135, 2),
(136, 2),
(137, 2),
(138, 2),
(139, 2),
(139, 8),
(140, 8),
(141, 8),
(142, 7),
(143, 2),
(143, 8),
(144, 2),
(144, 8),
(145, 2),
(146, 2),
(146, 8),
(147, 2),
(148, 2),
(149, 2),
(149, 3),
(149, 4),
(149, 8),
(150, 2),
(150, 3),
(150, 4),
(150, 6),
(151, 2),
(152, 3),
(153, 2),
(154, 2),
(154, 3),
(154, 4),
(155, 3),
(155, 8),
(156, 2),
(157, 2),
(158, 2),
(158, 3),
(158, 4),
(158, 6),
(159, 2),
(160, 2),
(161, 2),
(161, 3),
(161, 4),
(161, 6),
(162, 2),
(163, 2),
(164, 2),
(165, 2),
(165, 3),
(166, 2),
(166, 3),
(166, 6),
(166, 7),
(167, 2),
(168, 2),
(168, 3),
(169, 2),
(170, 2),
(171, 2),
(172, 2),
(172, 3),
(173, 2),
(173, 8),
(174, 2),
(175, 2),
(175, 3),
(175, 4),
(176, 2),
(177, 2),
(178, 2),
(178, 3),
(179, 2);

-- --------------------------------------------------------

--
-- Struttura della tabella `didascalie`
--

CREATE TABLE `didascalie` (
  `codassoluto` int(3) NOT NULL,
  `lingua` char(2) NOT NULL COMMENT 'Seguire la notazione ISO 3166-1, Alpha 2',
  `didascalia` text NOT NULL
) ENGINE=MyISAM DEFAULT CHARSET=latin1 COLLATE=latin1_swedish_ci;

--
-- Dump dei dati per la tabella `didascalie`
--

INSERT INTO `didascalie` (`codassoluto`, `lingua`, `didascalia`) VALUES
(1, 'IT', 'Interruttore magnetotermico trifase da parete da 20A e 380V, destinato a utilizzo industriale al fine di salvaguardare un circuito da sovraccarichi di corrente e cortocircuiti. Presenta tre fusibili.'),
(1, 'UK', '20A - 380V three-phase wall magnetic-thermal circuit breaker. It designed to safeguard an industrial  electrical circuit from excess current from an overload and short circuit. It has three fuses.'),
(2, 'IT', 'Interruttore magnetico tripolare da parete da 20A, destinato a utilizzo industriale al fine di salvaguardare un circuito da sovraccarichi di corrente e cortocircuiti. Presenta tre fusibili, ognuno protetto da un copri-fusibile.'),
(2, 'UK', '20A three-phase wall magnetic-thermal circuit breaker. It designed to safeguard an industrial electrical circuit from excess current from an overload and short circuit. It has three fuses, each fuse is protected by a fuse-cover.'),
(3, 'IT', 'Interruttore magnetico tripolare da parete da 13A e 380V, destinato a utilizzo industriale al fine di salvaguardare un circuito da sovraccarichi di corrente e cortocircuiti. Presenta tre fusibili, ognuno protetto da un copri-fusibile.'),
(3, 'UK', '13A three-phase wall magnetic-thermal circuit breaker. It designed to safeguard an industrial electrical circuit from excess current from an overload and short circuit. It has three fuses, each fuse is protected by a fuse-cover.'),
(4, 'IT', 'Interruttore differenziale tetrapolare da parete da 32A e 380V, destinato a utilizzo industriale al fine di salvaguardare un circuito da sovraccarichi di corrente e cortocircuiti. Presenta morsetti di entrata, sganciatori di sovraccaricamento, morsetti di uscita e pulsante di prova.'),
(4, 'UK', '32A - 380V four-phase wall differential magnetic-thermal circuit breaker. It designed to safeguard an industrial electrical circuit from excess current from an overload and short circuit. It has input terminals, overload releases, output terminals and test button.'),
(5, 'IT', 'Interruttore differenziale tetrapolare da parete da 16A e 380V, destinato a utilizzo industriale al fine di salvaguardare un circuito da sovraccarichi di corrente e cortocircuiti. Presenta quattro leve, collegate in un unico blocco, che gestiscono il meccanismo.'),
(5, 'UK', '16A - 380V four-phase wall differential magnetic-thermal circuit breaker. It designed to safeguard an industrial electrical circuit from excess current from an overload and short circuit. It has four switches linked together in a switch-block.'),
(6, 'IT', 'Interruttore tripolare da parete da 25A e 380V, destinato a utilizzo industriale al fine di salvaguardare un circuito da sovraccarichi di corrente e cortocircuiti. Presenta una levetta che, smaltata di verde e di rosso sui suoi due lati, permette di riconoscere lo stato dell\'interruttore.'),
(6, 'UK', '25A - 380V four-phase wall differential magnetic-thermal circuit breaker. It designed to safeguard an industrial electrical circuit from excess current from an overload and short circuit. It has a switch, green on one side and red on the other, that lets recognize its state.'),
(7, 'IT', 'Interruttore tripolare da parete da 20A e 380V, destinato a utilizzo industriale al fine di salvaguardare un circuito da sovraccarichi di corrente e cortocircuiti. Presenta una levetta che, smaltata di verde e di rosso sui suoi due lati, permette di riconoscere lo stato dell\'interruttore.'),
(7, 'UK', '20A - 380V four-phase wall differential magnetic-thermal circuit breaker. It designed to safeguard an industrial electrical circuit from excess current from an overload and short circuit. It has a switch, green on one side and red on the other, that lets recognize its state.'),
(8, 'IT', 'Interruttore tripolare da parete da 380V, destinato a utilizzo industriale al fine di salvaguardare un circuito da sovraccarichi di corrente e cortocircuiti. Presenta due pulsanti che rappresentano lo 0 e l\'1 logico, che permettono di impostare lo stato dell\'interruttore.'),
(8, 'UK', '380V three-phase wall magnetic-thermal circuit breaker. It designed to safeguard an industrial electrical circuit from excess current from an overload and short circuit. It has two buttons, rappresenting logic 0 and 1, that let set up the its state.'),
(9, 'IT', 'Interruttore magnetico tripolare da parete da 50A e 380V, destinato a utilizzo industriale al fine di salvaguardare un circuito da sovraccarichi di corrente e cortocircuiti. Presenta tre fusibili, ognuno protetto da un copri-fusibile.'),
(9, 'UK', '50A - 380V three-phase wall magnetic-thermal circuit breaker. It designed to safeguard an industrial electrical circuit from excess current from an overload and short circuit. It has three fuses, each fuse is protected by a fuse-cover.'),
(10, 'IT', 'Ottenute per laminazione, se ne colloca un determinato numero tra le due placche di un trasformatore al fine di convertire la potenza reattiva in potenza attiva.'),
(10, 'UK', 'Obtained by lamination, a number of them is placed between the plates of a transformer, in order to convert the reactive power into active power.'),
(11, 'IT', 'Commutatore elettrico da 16A e 550V. Avvalendosi delle tecniche di commutazione, ha il compito di instradare i diversi segnali dati in ingresso verso determinate interfacce di uscita.'),
(11, 'UK', '16A - 550V commutator. Using commutation techniques it directs input seganls to specifics terminals. '),
(12, 'IT', 'Fili di rame avvolti a spire su rocchetti di plastica, al fine di permetterne la conservazione occupando il minor spazio possibile.'),
(12, 'UK', 'Copper wires wrapped up arround reels. The aim is occupy less space possibile.'),
(13, 'IT', 'Apparecchio che permette l\'esecuzione automatica di una o più azioni, come apertura e chiusura di un circuito, a intervalli di tempo prefissati.'),
(13, 'UK', 'Item that can execute more action, such as open and close a circuit, at regular  pre-set time-interval.'),
(14, 'IT', 'Strumento per la misura della differenza di potenziale elettrico tra due punti di un circuito.'),
(14, 'UK', 'Mesuring tool designed to mesure the electrical difference of potential between two points of a circuit.'),
(15, 'IT', 'Strumento per la misura di intensità di corrente elettrica, differenza di potenziale elettrico e resistenza elettrica. Le tre grandezze elettriche sono espresse, rispettivamente, nelle unità di misura Ampere (A), Volt (V) e Ohm (?).'),
(15, 'UK', 'Mesuring tool designed to mesure the intensity of current [A], difference of potential [V] and electrical resistance [?].'),
(16, 'IT', 'Costituito da un filo conduttore avvolto su un supporto cilindrico di materiale isolante, l\'apparecchio è un resistore a resistenza elettrica variabile, la quale può essere impostata muovendo un apposito cursore.'),
(16, 'UK', 'Made up of a coil wire wrapped around a cilindric isolating material: the linear rheostat is a variable resistor which is used to control current in a circuit without interruption. It\'s able to vary the resistance moving a cursor.'),
(17, 'IT', 'Dotato di un display analogico formato da cartellini, permetteva di riconoscere la provenienza di una telefonata: l\'eccitazione del relè relativo al luogo di chiamata sollevava il cartellino corrispondente.'),
(17, 'UK', 'It has an analogic diaplay made up of number-tags. It\'s able to recognize the surce of a call: excitating the respective relè, linked with the physical place, it lifts the corresponding tag.'),
(18, 'IT', 'Dispositivo che, collegato a un circuito, vi permette la circolazione o meno di corrente.'),
(18, 'UK', 'Button, that acting as a switch, allows or don\'t the passage of current in a circuit  '),
(19, 'IT', 'Dispositivo che, collegato a un circuito, tramite un meccanismo acustico segnala il verificarsi di una determinata situazione. Il suo utilizzo varia dall\'ambito domestico a quello industriale.'),
(19, 'UK', 'When linked with a circuit this device, thanks to an acoustic mechanism,reports the occurrence of a specific situation. It has a industrial and domestic use.'),
(20, 'IT', 'Dispositivo che al termine di un determinato periodo di tempo, impostato per mezzo di una manopola, eccita un relè che a sua volta aziona un meccanismo acustico.'),
(20, 'UK', 'At the end of an pre-set interval, thanks to a handle, this device excites a relay causng a sound. '),
(21, 'IT', 'Sistema che permette: a un visitatore di richiedere un\'udienza presso un ufficio, tramite un meccanismo acustico attivato all\'interno della stanza, e all\'impiegato di rispondere, mediante tre pulsanti, e rendere visibile al visitatore un messaggio riguardo la propria disponibilità.'),
(21, 'UK', 'Device that allows a visitor to request a consultation at an office, using an acoustic mechanism activated inside the room, and to the employee to answer, using three buttons, and send a message of his availability to the visitetor.'),
(22, 'IT', 'Apparecchio che, tramite un display bidimensionale e vari switch, manopole e porte, permette lo studio di segnali elettrici nel dominio del tempo. Gentilmente donato dall\'ente ed ex-scuola professionale ITCA.'),
(22, 'UK', 'Device, thanks to a two-dimesional display, switches, handles and ports, allows the study of electrical signals in time domain.'),
(23, 'IT', 'Apparecchio che, opportunamente settato, è in grado di generare onde sinusoidali a frequenza variabile, visibili attraverso un oscilloscopio.'),
(23, 'UK', 'This device can generate sinusoidal signals at different settable frequency. They can be seen using an oscilloscope.'),
(24, 'IT', 'Apparecchio che funziona solamente in corrente alternata, il trasformatore ha il compito di trasferire potenza elettrica da un livello di tensione ad un altro.'),
(48, 'IT', 'Strumento realizzato per lo studio dei moti e della conservazione della quantità di moto durante gli urti. L\'apparecchio si compone di una rotaia, una coppia di carrelli, dei gravi, una carrucola, elettromagneti e ulteriori accessori.'),
(51, 'IT', 'Giradischi vintage, è lo strumento per eccellenza per riprodurre dischi in vinile. La riproduzione musicale avviene per mezzo di una testina, che scorre sui solchi di un disco collocato su di un piatto.'),
(52, 'IT', 'Proiettore per la visualizzazione mediante nastro di immagini e video.'),
(53, 'IT', 'Proiettore per la visualizzazione mediante nastro di immagini e video.'),
(54, 'IT', 'Proiettore per la visualizzazione mediante nastro di immagini e video.'),
(55, 'IT', 'Proiettore per la visualizzazione mediante nastro di didascalie.'),
(56, 'IT', 'Proiettore per la visualizzazione di diapositive e cassette.'),
(57, 'IT', 'Proiettore per la visualizzazione di diapositive.'),
(58, 'IT', 'Proiettore per la visualizzazione di diapositive.'),
(59, 'IT', 'Registratore per cassette.'),
(60, 'IT', 'Proiettore per la visualizzazione mediante nastro di immagini e video.'),
(61, 'IT', 'Proiettore per la visualizzazione di diapositive.'),
(62, 'IT', 'Generatore elettrostatico, cioè macchina in grado di generare elevate tensioni a partire da correnti di intensità molto bassa. Le tensioni sono generate per induzione elettrostatica. Si presenta con due dischi montati in verticale che ruotano in direzione opposta e due sfere metalliche per la scarica elettrica.\n\n!approfondimenti con QR! [generatore elettrostatico, induzione elettrostatica, funzionamento nel dettaglio della macchina di Wimshurst]'),
(63, 'IT', 'Proiettore per la visualizzazione di diapositive.'),
(64, 'IT', 'Proiettore per la visualizzazione mediante nastro di immagini e video.'),
(65, 'IT', 'Utilizzata per la misura della massa di un oggetto: il campione da misurare, collocato su un piatto della bilancia, viene confrontato con dei pesi di riferimento posti sul piatto opposto. Il sistema è chiuso per impedire che agenti esterni falsino la misura.'),
(66, 'IT', 'Utilizzata per la misura della massa di un oggetto: \n\n Il sistema è chiuso per impedire che agenti esterni falsino la misura.'),
(67, 'IT', 'Utilizzata per la misura della massa di un oggetto: il campione da misurare, collocato su un piatto della bilancia, viene confrontato con dei pesi di riferimento posti sul piatto opposto. Il sistema è chiuso per impedire che agenti esterni falsino la misura. Gentilmente donato dall\'ente ed ex-scuola professionale ITCA.'),
(78, 'IT', 'Uno dei primi computer domestici (home-computer). Seppur milioni di volte meno potente dei computer odierni e dotato di una memoria di pochi kilobyte, riusciva ugualmente a soddisfare i bisogni, lavorativi e ricreativi, di grandi e piccini.\n\n!approfondimenti con QR!'),
(79, 'IT', 'Considerata una delle migliori calcolatrici della sua epoca, permette di eseguire le più avanzate funzioni matematiche e di realizzare grafici di funzioni. Ha una memoria espansibile e, se collegata ad un computer, può essere programmata.\n \n!approfondimenti con QR!'),
(83, 'IT', 'Utilizzata in associazione con un computer, al quale è collegato mediante un cavo seriale, il dispositivo permette la stampa di documenti su carta tramite aghi impregnati di inchiostro.');

-- --------------------------------------------------------

--
-- Struttura della tabella `hafatto`
--

CREATE TABLE `hafatto` (
  `codassoluto` int(3) NOT NULL,
  `codautore` int(3) NOT NULL
) ENGINE=MyISAM DEFAULT CHARSET=latin1 COLLATE=latin1_swedish_ci;

--
-- Dump dei dati per la tabella `hafatto`
--

INSERT INTO `hafatto` (`codassoluto`, `codautore`) VALUES
(1, 1),
(2, 1),
(3, 1),
(4, 1),
(5, 1),
(6, 2),
(7, 2),
(8, 3),
(9, 1),
(11, 5),
(13, 7),
(14, 8),
(15, 9),
(16, 10),
(20, 11),
(21, 12),
(22, 13),
(23, 14),
(27, 15),
(30, 16),
(32, 13),
(32, 17),
(34, 13),
(34, 17),
(35, 19),
(36, 20),
(37, 21),
(37, 32),
(39, 22),
(40, 23),
(41, 23),
(42, 3),
(42, 24),
(43, 25),
(44, 26),
(44, 106),
(45, 13),
(45, 17),
(46, 14),
(46, 27),
(47, 28),
(49, 29),
(50, 30),
(51, 31),
(52, 32),
(53, 32),
(54, 32),
(55, 33),
(56, 34),
(57, 35),
(58, 33),
(59, 32),
(61, 36),
(63, 37),
(64, 38),
(65, 39),
(66, 40),
(67, 41),
(68, 29),
(70, 42),
(71, 43),
(75, 45),
(76, 46),
(77, 47),
(78, 48),
(79, 49),
(80, 50),
(81, 51),
(82, 3),
(83, 52),
(84, 59),
(84, 65),
(84, 114),
(84, 115),
(84, 116),
(85, 54),
(86, 55),
(87, 32),
(88, 54),
(88, 56),
(89, 57),
(90, 32),
(91, 32),
(92, 58),
(93, 59),
(94, 60),
(95, 61),
(96, 58),
(97, 58),
(98, 58),
(99, 63),
(100, 64),
(101, 65),
(102, 66),
(103, 67),
(104, 68),
(106, 13),
(106, 69),
(107, 70),
(108, 70),
(109, 71),
(110, 71),
(111, 72),
(112, 73),
(113, 74),
(114, 75),
(118, 76),
(119, 77),
(120, 78),
(121, 77),
(123, 79),
(126, 80),
(127, 81),
(128, 82),
(129, 83),
(130, 84),
(135, 84),
(137, 85),
(138, 86),
(149, 87),
(150, 66),
(151, 88),
(153, 89),
(155, 90),
(158, 91),
(158, 92),
(158, 111),
(161, 91),
(161, 92),
(162, 93),
(163, 94),
(164, 95),
(165, 96),
(166, 97),
(167, 98),
(168, 99),
(168, 101),
(169, 100),
(170, 99),
(170, 101),
(171, 102),
(172, 103),
(173, 104),
(173, 112),
(174, 105),
(175, 106),
(176, 106),
(178, 109),
(179, 110);

-- --------------------------------------------------------

--
-- Struttura della tabella `materiali`
--

CREATE TABLE `materiali` (
  `codmateriale` int(3) NOT NULL,
  `nomemateriale` char(32) NOT NULL
) ENGINE=InnoDB DEFAULT CHARSET=utf8mb4 COLLATE=utf8mb4_general_ci;

--
-- Dump dei dati per la tabella `materiali`
--

INSERT INTO `materiali` (`codmateriale`, `nomemateriale`) VALUES
(1, 'CERAMICA'),
(2, 'METALLO'),
(3, 'PLASTICA'),
(4, 'RAME'),
(5, 'SILICIO'),
(6, 'GOMMA'),
(7, 'VETRO'),
(8, 'LEGNO'),
(9, 'STAGNO'),
(10, 'CARTA'),
(11, 'ACCIAIO'),
(12, 'BAUXITE'),
(13, 'GOMMA PIUMA'),
(14, 'OSSIDO DI FERRO'),
(15, 'BACHELITE'),
(16, 'ABS'),
(17, 'MATERIALE ABRASIVO');

-- --------------------------------------------------------

--
-- Struttura della tabella `media`
--

CREATE TABLE `media` (
  `codassoluto` int(3) NOT NULL,
  `nmedia` int(2) NOT NULL,
  `tipo` char(1) NOT NULL COMMENT '''F'' -> Foto; ''V'' -> Video; ''A'' -> Audio; ''T'' -> Testo; ''O'' -> Altro tipo',
  `link` text NOT NULL,
  `fonte` text NOT NULL
) ENGINE=MyISAM DEFAULT CHARSET=latin1 COLLATE=latin1_swedish_ci;

--
-- Dump dei dati per la tabella `media`
--

INSERT INTO `media` (`codassoluto`, `nmedia`, `tipo`, `link`, `fonte`) VALUES
(2, 0, 'F', 'ELE-001.0.JPG', 'Propria'),
(2, 1, 'F', 'ELE-001.1.JPG', 'Propria'),
(2, 2, 'F', 'ELE-001.2.JPG', 'Propria'),
(2, 3, 'F', 'ELE-001.3.JPG', 'Propria'),
(4, 0, 'F', 'ELE-003.0.JPG', 'Propria'),
(4, 1, 'F', 'ELE-003.1.JPG', 'Propria'),
(4, 2, 'F', 'ELE-003.2.JPG', 'Propria'),
(4, 3, 'F', 'ELE-003.3.JPG', 'Propria'),
(5, 0, 'F', 'ELE-004.0.JPG', 'Propria'),
(5, 1, 'F', 'ELE-004.1.JPG', 'Propria'),
(5, 2, 'F', 'ELE-004.2.JPG', 'Propria'),
(6, 0, 'F', 'ELE-005.0.JPG', 'Propria'),
(7, 0, 'F', 'ELE-006.0.JPG', 'Propria'),
(7, 1, 'F', 'ELE-006.1.JPG', 'Propria'),
(8, 0, 'F', 'ELE-007.0.JPG', 'Propria'),
(8, 1, 'F', 'ELE-007.1.JPG', 'Propria'),
(9, 0, 'F', 'ELE-011.0.JPG', 'Propria'),
(10, 0, 'F', 'ELE-009.0.JPG', 'Propria'),
(10, 1, 'F', 'ELE-009.1.JPG', 'Propria'),
(11, 0, 'F', 'ELE-008.0.JPG', 'Propria'),
(11, 1, 'F', 'ELE-008.1.JPG', 'Propria'),
(11, 2, 'F', 'ELE-008.2.JPG', 'Propria'),
(12, 0, 'F', 'ELE-010.0.JPG', 'Propria'),
(12, 1, 'F', 'ELE-010.1.JPG', 'Propria'),
(12, 2, 'F', 'ELE-010.2.JPG', 'Propria'),
(13, 0, 'F', 'ELE-012.0.JPG', 'Propria'),
(13, 1, 'F', 'ELE-012.1.JPG', 'Propria'),
(13, 2, 'F', 'ELE-012.2.JPG', 'Propria'),
(14, 0, 'F', 'ELE-013.0.JPG', 'Propria'),
(14, 1, 'F', 'ELE-013.1.JPG', 'Propria'),
(15, 0, 'F', 'ELE-014.0.JPG', 'Propria'),
(16, 0, 'F', 'ELE-015.0.JPG', 'Propria'),
(17, 0, 'F', 'ELE-017.0.JPG', 'Propria'),
(17, 1, 'F', 'ELE-017.1.JPG', 'Propria'),
(17, 2, 'F', 'ELE-017.2.JPG', 'Propria'),
(17, 3, 'F', 'ELE-017.3.JPG', 'Propria'),
(18, 0, 'F', 'ELE-018.0.JPG', 'Propria'),
(18, 1, 'F', 'ELE-018.1.JPG', 'Propria'),
(19, 0, 'F', 'ELE-019.0.JPG', 'Propria'),
(19, 1, 'F', 'ELE-019.1.JPG', 'Propria'),
(20, 0, 'F', 'ELE-020.0.JPG', 'Propria'),
(20, 1, 'F', 'ELE-020.1.JPG', 'Propria'),
(21, 0, 'F', 'ELE-021.0.JPG', 'Propria'),
(21, 1, 'F', 'ELE-021.1.JPG', 'Propria'),
(21, 2, 'F', 'ELE-021.2.JPG', 'Propria'),
(21, 3, 'F', 'ELE-021.3.JPG', 'Propria'),
(22, 0, 'F', 'ELE-022.0.JPG', 'Propria'),
(22, 1, 'F', 'ELE-022.1.JPG', 'Propria'),
(23, 0, 'F', 'ELE-023.0.JPG', 'Propria'),
(23, 1, 'F', 'ELE-023.1.JPG', 'Propria'),
(24, 0, 'F', 'ELE-024.0.JPG', 'Propria'),
(24, 1, 'F', 'ELE-024.1.JPG', 'Propria'),
(25, 0, 'F', 'ELE-016.0.JPG', 'Propria'),
(25, 1, 'F', 'ELE-016.1.JPG', 'Propria'),
(26, 0, 'F', 'ELE-026.0.JPG', 'Propria'),
(26, 1, 'F', 'ELE-026.1.JPG', 'Propria'),
(26, 2, 'F', 'ELE-026.2.JPG', 'Propria'),
(27, 0, 'F', 'ELE-025.0.JPG', 'Propria'),
(27, 1, 'F', 'ELE-025.1.JPG', 'Propria'),
(29, 0, 'F', 'ELE-028.0.JPG', 'Propria'),
(29, 1, 'F', 'ELE-028.1.JPG', 'Propria'),
(30, 0, 'F', 'ELE-030.0.JPG', 'Propria'),
(30, 1, 'F', 'ELE-030.1.JPG', 'Propria'),
(30, 2, 'F', 'ELE-030.2.JPG', 'Propria'),
(31, 0, 'F', 'ELE-029.0.JPG', 'Propria'),
(31, 1, 'F', 'ELE-029.1.JPG', 'Propria'),
(32, 0, 'F', 'ELE-031.0.JPG', 'Propria'),
(32, 1, 'F', 'ELE-031.1.JPG', 'Propria'),
(33, 0, 'F', 'ELE-032.0.JPG', 'Propria'),
(33, 1, 'F', 'ELE-032.1.JPG', 'Propria'),
(34, 0, 'F', 'ELE-034.0.JPG', 'Propria'),
(34, 1, 'F', 'ELE-034.1.JPG', 'Propria'),
(35, 0, 'F', 'ELE-035.0.JPG', 'Propria'),
(35, 1, 'F', 'ELE-035.1.JPG', 'Propria'),
(36, 0, 'F', 'ELE-033.0.JPG', 'Propria'),
(36, 1, 'F', 'ELE-033.1.JPG', 'Propria'),
(36, 2, 'F', 'ELE-033.2.JPG', 'Propria'),
(36, 3, 'F', 'ELE-033.3.JPG', 'Propria'),
(37, 0, 'F', 'ELE-037.0.JPG', 'Propria'),
(38, 0, 'F', 'ELE-038.0.JPG', 'Propria'),
(38, 1, 'F', 'ELE-038.1.JPG', 'Propria'),
(39, 0, 'F', 'ELE-040.0.JPG', 'Propria'),
(40, 0, 'F', 'ELE-038.0.JPG', 'Propria'),
(40, 1, 'F', 'ELE-038.1.JPG', 'Propria'),
(48, 0, 'F', 'FIS-000.0.JPG', 'Propria'),
(49, 0, 'F', 'FIS-001.0.JPG', 'Propria'),
(49, 1, 'F', 'FIS-001.1.JPG', 'Propria'),
(49, 2, 'F', 'FIS-001.2.JPG', 'Propria'),
(49, 3, 'F', 'FIS-001.3.JPG', 'Propria'),
(52, 0, 'F', 'FIS-004.0.JPG', 'Propria'),
(52, 1, 'F', 'FIS-004.1.JPG', 'Propria'),
(52, 2, 'F', 'FIS-004.2.JPG', 'Propria'),
(53, 0, 'F', 'FIS-005.0.JPG', 'Propria'),
(53, 1, 'F', 'FIS-005.1.JPG', 'Propria'),
(53, 2, 'F', 'FIS-005.2.JPG', 'Propria'),
(54, 0, 'F', 'FIS-006.0.JPG', 'Propria'),
(54, 1, 'F', 'FIS-006.1.JPG', 'Propria'),
(56, 0, 'F', 'FIS-008.0.JPG', 'Propria'),
(56, 1, 'F', 'FIS-008.1.JPG', 'Propria'),
(57, 0, 'F', 'FIS-009.0.JPG', 'Propria'),
(57, 1, 'F', 'FIS-009.1.JPG', 'Propria'),
(57, 2, 'F', 'FIS-009.2.JPG', 'Propria'),
(57, 3, 'F', 'FIS-009.3.JPG', 'Propria'),
(58, 0, 'F', 'FIS-010.0.JPG', 'Propria'),
(58, 1, 'F', 'FIS-010.1.JPG', 'Propria'),
(58, 2, 'F', 'FIS-010.2.JPG', 'Propria'),
(59, 0, 'F', 'FIS-011.0.JPG', 'Propria'),
(59, 1, 'F', 'FIS-011.1.JPG', 'Propria'),
(59, 2, 'F', 'FIS-011.2.JPG', 'Propria'),
(60, 0, 'F', 'FIS-012.0.JPG', 'Propria'),
(60, 1, 'F', 'FIS-012.1.JPG', 'Propria'),
(60, 2, 'F', 'FIS-012.2.JPG', 'Propria'),
(60, 3, 'F', 'FIS-012.3.JPG', 'Propria'),
(61, 0, 'F', 'FIS-013.0.JPG', 'Propria'),
(61, 1, 'F', 'FIS-013.1.JPG', 'Propria'),
(61, 2, 'F', 'FIS-013.2.JPG', 'Propria'),
(61, 3, 'F', 'FIS-013.3.JPG', 'Propria'),
(62, 0, 'F', 'FIS-016.0.JPG', 'Propria'),
(62, 1, 'F', 'FIS-016.1.JPG', 'Propria'),
(63, 0, 'F', 'FIS-014.0.JPG', 'Propria'),
(63, 1, 'F', 'FIS-014.1.JPG', 'Propria'),
(64, 0, 'F', 'FIS-015.0.JPG', 'Propria'),
(64, 1, 'F', 'FIS-015.1.JPG', 'Propria'),
(64, 2, 'F', 'FIS-015.2.JPG', 'Propria'),
(64, 3, 'F', 'FIS-015.3.JPG', 'Propria'),
(65, 0, 'F', 'FIS-018.0.JPG', 'Propria'),
(65, 1, 'F', 'FIS-018.1.JPG', 'Propria'),
(66, 0, 'F', 'FIS-017.0.JPG', 'Propria'),
(66, 1, 'F', 'FIS-017.1.JPG', 'Propria'),
(66, 2, 'F', 'FIS-017.2.JPG', 'Propria'),
(67, 0, 'F', 'FIS-020.0.JPG', 'Propria'),
(67, 1, 'F', 'FIS-020.1.JPG', 'Propria'),
(68, 0, 'F', 'FIS-019.0.JPG', 'Propria'),
(68, 1, 'F', 'FIS-019.1.JPG', 'Propria'),
(70, 0, 'F', 'FIS-022.0.JPG', 'Propria'),
(71, 0, 'F', 'FIS-023.0.JPG', 'Propria'),
(72, 0, 'F', 'FIS-024.0.JPG', 'Propria'),
(73, 0, 'F', 'FIS-025.0.JPG', 'Propria'),
(74, 0, 'F', 'FIS-026.0.JPG', 'Propria'),
(74, 1, 'F', 'FIS-026.1.JPG', 'Propria'),
(75, 0, 'F', 'FIS-027.0.JPG', 'Propria'),
(78, 3, 'F', 'INF-00.3.jpg', 'Propria'),
(78, 2, 'F', 'INF-00.2.jpg', 'Propria'),
(78, 1, 'F', 'INF-00.1.jpg', 'Propria'),
(78, 0, 'F', 'INF-00.0.jpg', 'Propria'),
(79, 0, 'F', 'INF-008.0.JPG', 'Propria'),
(79, 1, 'F', 'INF-008.1.JPG', 'Propria'),
(79, 2, 'F', 'INF-008.2.JPG', 'Propria'),
(83, 0, 'F', 'INF-004.0.JPG', 'Propria'),
(83, 1, 'F', 'INF-004.1.JPG', 'Propria'),
(83, 2, 'F', 'INF-004.2.JPG', 'Propria'),
(84, 0, 'F', 'INF-015.0.JPG', 'Propria'),
(84, 1, 'F', 'INF-015.1.JPG', 'Propria'),
(84, 2, 'F', 'INF-015.2.JPG', 'Propria'),
(85, 0, 'F', 'INF-018.0.JPG', 'Propria'),
(85, 1, 'F', 'INF-018.1.JPG', 'Propria'),
(86, 0, 'F', 'INF-013.0.JPG', 'Propria'),
(86, 1, 'F', 'INF-013.1.JPG', 'Propria'),
(87, 0, 'F', 'INF-021.0.JPG', 'Propria'),
(87, 1, 'F', 'INF-021.1.JPG', 'Propria'),
(89, 0, 'F', 'INF-022.0.JPG', 'Propria'),
(89, 1, 'F', 'INF-022.1.JPG', 'Propria'),
(89, 2, 'F', 'INF-022.2.JPG', 'Propria'),
(91, 0, 'F', 'INF-019.0.JPG', 'Propria'),
(91, 1, 'F', 'INF-019.1.JPG', 'Propria'),
(92, 0, 'F', 'INF-005.0.JPG', 'Propria'),
(92, 1, 'F', 'INF-005.1.JPG', 'Propria'),
(92, 2, 'F', 'INF-005.2.JPG', 'Propria'),
(92, 3, 'F', 'INF-005.3.JPG', 'Propria'),
(93, 0, 'F', 'INF-014.0.JPG', 'Propria'),
(93, 1, 'F', 'INF-014.1.JPG', 'Propria'),
(93, 2, 'F', 'INF-014.2.JPG', 'Propria'),
(94, 0, 'F', 'INF-024.0.JPG', 'Propria'),
(94, 1, 'F', 'INF-024.1.JPG', 'Propria'),
(95, 0, 'F', 'INF-025.0.JPG', 'Propria'),
(95, 1, 'F', 'INF-025.1.JPG', 'Propria'),
(96, 0, 'F', 'INF-002.0.JPG', 'Propria'),
(96, 1, 'F', 'INF-002.1.JPG', 'Propria'),
(96, 2, 'F', 'INF-002.2.JPG', 'Propria'),
(96, 3, 'F', 'INF-002.3.JPG', 'Propria'),
(99, 0, 'F', 'INF-026.0.JPG', 'Propria'),
(101, 0, 'F', 'INF-004.0.JPG', 'Propria'),
(101, 1, 'F', 'INF-004.1.JPG', 'Propria'),
(101, 2, 'F', 'INF-004.2.JPG', 'Propria'),
(103, 0, 'F', 'INF-009.0.JPG', 'Propria'),
(103, 1, 'F', 'INF-009.1.JPG', 'Propria'),
(105, 0, 'F', 'MCC-000.0.JPG', 'Propria'),
(105, 1, 'F', 'MCC-000.1.JPG', 'Propria'),
(105, 2, 'F', 'MCC-000.2.JPG', 'Propria'),
(105, 3, 'F', 'MCC-000.3.JPG', 'Propria'),
(106, 0, 'F', 'MCC-002.0.JPG', 'Propria'),
(106, 1, 'F', 'MCC-002.1.JPG', 'Propria'),
(107, 0, 'F', 'MCC-003.0.JPG', 'Propria'),
(107, 1, 'F', 'MCC-003.1.JPG', 'Propria'),
(108, 0, 'F', 'MCC-004.0.JPG', 'Propria'),
(108, 1, 'F', 'MCC-004.1.JPG', 'Propria'),
(108, 2, 'F', 'MCC-004.2.JPG', 'Propria'),
(109, 0, 'F', 'MCC-005.0.JPG', 'Propria'),
(110, 0, 'F', 'MCC-006.0.JPG', 'Propria'),
(110, 1, 'F', 'MCC-006.1.JPG', 'Propria'),
(111, 0, 'F', 'MCC-001.0.JPG', 'Propria'),
(111, 1, 'F', 'MCC-001.1.JPG', 'Propria'),
(111, 2, 'F', 'MCC-001.2.JPG', 'Propria'),
(111, 3, 'F', 'MCC-001.3.JPG', 'Propria'),
(112, 0, 'F', 'MCC-009.0.JPG', 'Propria'),
(113, 0, 'F', 'MCC-008.0.JPG', 'Propria'),
(114, 0, 'F', 'MCC-007.0.JPG', 'Propria'),
(116, 0, 'F', 'MCC-011.0.JPG', 'Propria'),
(117, 0, 'F', 'MCC-012.0.JPG', 'Propria'),
(118, 0, 'F', 'MCC-013.0.JPG', 'Propria'),
(119, 0, 'F', 'MCC-015.0.JPG', 'Propria'),
(120, 0, 'F', 'MCC-014.0.JPG', 'Propria'),
(121, 0, 'F', 'MCC-017.0.JPG', 'Propria'),
(122, 0, 'F', 'MCC-016.0.JPG', 'Propria'),
(123, 0, 'F', 'MCC-019.0.JPG', 'Propria'),
(124, 0, 'F', 'MCC-020.0.JPG', 'Propria'),
(125, 0, 'F', 'MCC-021.0.JPG', 'Propria'),
(125, 1, 'F', 'MCC-021.1.JPG', 'Propria'),
(126, 0, 'F', 'MCC-018.0.JPG', 'Propria'),
(127, 0, 'F', 'MCC-022.0.JPG', 'Propria'),
(128, 0, 'F', 'MCC-023.0.JPG', 'Propria'),
(128, 1, 'F', 'MCC-023.1.JPG', 'Propria'),
(128, 2, 'F', 'MCC-023.2.JPG', 'Propria'),
(128, 3, 'F', 'MCC-023.3.JPG', 'Propria'),
(129, 0, 'F', 'MCC-024.0.JPG', 'Propria'),
(129, 1, 'F', 'MCC-024.1.JPG', 'Propria'),
(130, 0, 'F', 'MCC-025.0.JPG', 'Propria'),
(131, 0, 'F', 'MCC-026.0.JPG', 'Propria'),
(132, 0, 'F', 'MCC-027.0.JPG', 'Propria'),
(133, 0, 'F', 'MCC-029.0.JPG', 'Propria'),
(134, 0, 'F', 'MCC-028.0.JPG', 'Propria'),
(135, 0, 'F', 'MCC-030.0.JPG', 'Propria'),
(135, 1, 'F', 'MCC-030.1.JPG', 'Propria'),
(136, 0, 'F', 'MCC-032.0.JPG', 'Propria'),
(137, 0, 'F', 'MCC-031.0.JPG', 'Propria'),
(137, 1, 'F', 'MCC-031.1.JPG', 'Propria'),
(138, 0, 'F', 'MCC-035.0.JPG', 'Propria'),
(138, 1, 'F', 'MCC-035.1.JPG', 'Propria'),
(139, 0, 'F', 'MCC-036.0.JPG', 'Propria'),
(139, 1, 'F', 'MCC-036.1.JPG', 'Propria'),
(140, 0, 'F', 'MCC-034.0.JPG', 'Propria'),
(141, 0, 'F', 'MCC-037.0.JPG', 'Propria'),
(141, 1, 'F', 'MCC-037.1.JPG', 'Propria'),
(142, 0, 'F', 'MCC-038.0.JPG', 'Propria'),
(143, 0, 'F', 'MCC-039.0.JPG', 'Propria'),
(144, 0, 'F', 'MCC-040.0.JPG', 'Propria'),
(145, 0, 'F', 'MCC-041.0.JPG', 'Propria'),
(146, 0, 'F', 'MCC-042.0.JPG', 'Propria'),
(146, 1, 'F', 'MCC-042.1.JPG', 'Propria');

-- --------------------------------------------------------

--
-- Struttura della tabella `misure`
--

CREATE TABLE `misure` (
  `codassoluto` int(3) NOT NULL,
  `tipomisura` char(1) NOT NULL COMMENT '''l''-> capacità in ml; ''L'' -> Lunghezza; ''P'' -> Profondità; ''H'' -> Altezza; ''W'' -> Peso; ''M'' -> Memoria; ''R'' -> Resistenza; ''V'' -> Voltaggio; ''A'' -> Amperaggio; ''O'' -> Altre misure; ''C'' -> cavalli; ''H'' -> Hz; ''G'' -> giri al minuto; ''K'' -> potenza in KW;',
  `valore` double NOT NULL
) ENGINE=MyISAM DEFAULT CHARSET=latin1 COLLATE=latin1_swedish_ci;

--
-- Dump dei dati per la tabella `misure`
--

INSERT INTO `misure` (`codassoluto`, `tipomisura`, `valore`) VALUES
(1, 'A', 20),
(1, 'H', 15),
(1, 'L', 9),
(1, 'P', 8),
(1, 'V', 380),
(1, 'W', 1000),
(2, 'H', 16.3),
(2, 'L', 9.6),
(2, 'P', 7.8),
(2, 'W', 950),
(3, 'H', 12),
(3, 'L', 7.3),
(3, 'P', 6),
(3, 'W', 500),
(4, 'H', 15),
(4, 'L', 10),
(4, 'P', 7.8),
(4, 'W', 950),
(5, 'A', 16),
(5, 'H', 14),
(5, 'L', 12.2),
(5, 'P', 6.7),
(5, 'V', 380),
(5, 'W', 855),
(6, 'H', 12.6),
(6, 'L', 8.8),
(6, 'P', 4.9),
(6, 'W', 260),
(7, 'H', 12.6),
(7, 'L', 7.8),
(7, 'P', 4.9),
(7, 'W', 268),
(8, 'H', 12.5),
(8, 'L', 8),
(8, 'P', 7.8),
(8, 'W', 706),
(9, 'H', 18),
(9, 'L', 11),
(9, 'P', 8.2),
(9, 'W', 1130),
(10, 'H', 5),
(10, 'L', 10.8),
(10, 'P', 1.9),
(10, 'W', 682),
(11, 'H', 20.4),
(11, 'L', 16),
(11, 'P', 10.5),
(11, 'W', 1440),
(12, 'H', 21),
(12, 'L', 18),
(12, 'P', 20),
(12, 'W', 15),
(13, 'H', 19),
(13, 'L', 11.2),
(13, 'P', 9.5),
(13, 'W', 719),
(14, 'H', 12.5),
(14, 'L', 8.5),
(14, 'P', 3.4),
(14, 'W', 305),
(15, 'H', 19.5),
(15, 'L', 8.3),
(15, 'P', 7.3),
(15, 'W', 342),
(16, 'A', 2.6),
(16, 'H', 10.5),
(16, 'L', 51),
(16, 'P', 9),
(16, 'R', 75),
(16, 'W', 3350),
(17, 'H', 5.1),
(17, 'L', 24.2),
(17, 'P', 10),
(17, 'W', 614),
(18, 'H', 7),
(18, 'L', 10.4),
(18, 'P', 8),
(18, 'W', 329),
(19, 'H', 7.1),
(19, 'L', 10.3),
(19, 'P', 7.9),
(19, 'W', 383),
(20, 'H', 9),
(20, 'L', 7),
(20, 'P', 9.2),
(20, 'W', 271),
(21, 'H', 10.4),
(21, 'L', 8),
(21, 'P', 5.5),
(21, 'W', 283),
(22, 'H', 22.5),
(22, 'L', 28),
(22, 'P', 28.2),
(22, 'W', 8752),
(23, 'H', 18.5),
(23, 'L', 35.6),
(23, 'P', 23.5),
(23, 'W', 6377),
(24, 'H', 11),
(24, 'L', 14),
(24, 'P', 9),
(24, 'W', 3978),
(25, 'H', 6.3),
(25, 'L', 3.5),
(25, 'P', 3.5),
(25, 'W', 75),
(26, 'H', 7.3),
(26, 'L', 10.5),
(26, 'P', 6.5),
(26, 'V', 230),
(26, 'W', 966),
(27, 'H', 16.5),
(27, 'L', 53),
(27, 'P', 38.4),
(27, 'W', 25000),
(28, 'H', 39.9),
(28, 'L', 42.8),
(28, 'P', 24),
(29, 'H', 15.8),
(29, 'L', 24.7),
(29, 'P', 10.5),
(29, 'W', 6657),
(30, 'H', 8),
(30, 'L', 9),
(30, 'W', 310),
(31, 'H', 38.5),
(31, 'L', 35),
(31, 'P', 12),
(31, 'W', 20000),
(32, 'H', 33.9),
(32, 'L', 42),
(32, 'P', 12),
(32, 'W', 3350),
(33, 'H', 24.2),
(33, 'L', 26.6),
(33, 'P', 10.7),
(33, 'W', 9470),
(34, 'H', 33.9),
(34, 'L', 42),
(34, 'P', 12.2),
(34, 'W', 3735),
(35, 'H', 31.3),
(35, 'L', 32.5),
(35, 'P', 22.3),
(35, 'W', 12620),
(36, 'H', 20.1),
(36, 'L', 36.4),
(36, 'P', 17.4),
(36, 'W', 8620),
(37, 'H', 30.7),
(37, 'L', 26.8),
(37, 'P', 9),
(37, 'W', 877),
(38, 'H', 37),
(38, 'L', 36.2),
(38, 'P', 14),
(38, 'W', 25000),
(39, 'H', 16.8),
(39, 'L', 14),
(39, 'P', 7.2),
(39, 'W', 1144),
(40, 'H', 18.2),
(40, 'L', 18.2),
(40, 'P', 10.2),
(40, 'W', 2062),
(41, 'H', 17.9),
(41, 'L', 18.1),
(41, 'P', 10.1),
(41, 'W', 1690),
(42, 'H', 29.1),
(42, 'L', 17.7),
(42, 'P', 13.5),
(42, 'W', 3040),
(43, 'H', 21),
(43, 'L', 17),
(43, 'P', 7.5),
(43, 'W', 1325),
(44, 'H', 20),
(44, 'L', 14.5),
(44, 'P', 7),
(44, 'W', 1098),
(45, 'H', 34),
(45, 'L', 74.2),
(45, 'P', 12.3),
(45, 'W', 7000),
(46, 'H', 17.5),
(46, 'L', 12.5),
(46, 'P', 7.4),
(46, 'W', 2000),
(47, 'H', 22.5),
(47, 'L', 14.5),
(47, 'P', 11),
(47, 'W', 2779),
(48, 'H', 3.6),
(48, 'L', 83),
(48, 'P', 7.9),
(48, 'W', 900),
(49, 'H', 45),
(49, 'L', 15.5),
(49, 'P', 17.5),
(49, 'W', 4600),
(50, 'H', 19.5),
(50, 'L', 11),
(50, 'P', 11),
(50, 'W', 500),
(51, 'H', 19),
(51, 'L', 45.5),
(51, 'P', 31),
(51, 'W', 6177),
(52, 'H', 25),
(52, 'L', 32),
(52, 'P', 16.5),
(52, 'W', 9105),
(53, 'H', 30.5),
(53, 'L', 38.5),
(53, 'P', 19.5),
(54, 'H', 14.6),
(54, 'L', 24.7),
(54, 'P', 26),
(55, 'H', 21),
(55, 'L', 56.5),
(55, 'P', 20),
(56, 'H', 22),
(56, 'L', 20.5),
(56, 'P', 28),
(56, 'W', 2430),
(57, 'H', 48),
(57, 'L', 63),
(57, 'P', 24),
(58, 'H', 8),
(58, 'L', 30),
(58, 'P', 17.5),
(58, 'W', 3470),
(59, 'H', 16.2),
(59, 'L', 55.5),
(59, 'P', 33.5),
(59, 'W', 16750),
(60, 'H', 28.5),
(60, 'L', 30.5),
(60, 'P', 15.5),
(60, 'W', 5300),
(61, 'H', 20.5),
(61, 'L', 37),
(61, 'P', 28.5),
(61, 'W', 9185),
(62, 'H', 43),
(62, 'L', 39.5),
(62, 'P', 24),
(62, 'W', 4250),
(63, 'H', 24.5),
(63, 'L', 40),
(63, 'P', 20.5),
(63, 'W', 6430),
(64, 'H', 28.5),
(64, 'L', 29),
(64, 'P', 16),
(64, 'W', 8740),
(65, 'H', 49),
(65, 'L', 48),
(65, 'P', 24.5),
(65, 'W', 6580),
(66, 'H', 44.5),
(66, 'L', 25.5),
(66, 'P', 37),
(66, 'W', 11125),
(67, 'H', 49),
(67, 'L', 38.5),
(67, 'P', 30.5),
(68, 'H', 33),
(68, 'L', 31.5),
(68, 'P', 31.5),
(68, 'W', 10070),
(69, 'H', 11),
(69, 'L', 62),
(69, 'P', 11),
(69, 'W', 3625),
(70, 'H', 30.5),
(70, 'l', 1000),
(70, 'P', 13),
(70, 'W', 260),
(71, 'H', 29.5),
(71, 'l', 100),
(71, 'P', 5),
(71, 'W', 300),
(72, 'H', 13.5),
(72, 'L', 7.7),
(72, 'P', 7.7),
(72, 'W', 440),
(73, 'H', 72.5),
(73, 'L', 1.5),
(73, 'P', 1.5),
(73, 'W', 80),
(74, 'H', 6),
(74, 'L', 35),
(74, 'P', 3),
(74, 'W', 105),
(75, 'W', 820),
(76, 'H', 30.5),
(76, 'L', 31.5),
(76, 'P', 1),
(77, 'H', 36.5),
(77, 'L', 31.5),
(77, 'P', 5),
(78, 'W', 350),
(78, 'P', 29),
(78, 'L', 40),
(78, 'H', 7),
(79, 'H', 3.6),
(79, 'L', 16.3),
(79, 'P', 7.3),
(79, 'W', 240),
(80, 'H', 18),
(80, 'L', 38),
(80, 'P', 33),
(80, 'W', 14000),
(81, 'H', 16),
(81, 'L', 5.8),
(81, 'P', 2.8),
(81, 'W', 250),
(82, 'H', 8.7),
(82, 'L', 4.6),
(82, 'P', 1.92),
(82, 'W', 78),
(83, 'H', 13.5),
(83, 'L', 39.5),
(83, 'P', 35.5),
(84, 'H', 0.1),
(84, 'L', 13),
(84, 'P', 13),
(84, 'W', 14),
(85, 'H', 10),
(85, 'L', 14),
(85, 'P', 21),
(85, 'W', 1197),
(86, 'H', 32),
(86, 'L', 24),
(86, 'P', 28),
(86, 'W', 8950),
(87, 'H', 17),
(87, 'L', 10),
(87, 'P', 8.2),
(87, 'W', 567),
(88, 'H', 7),
(88, 'L', 22),
(88, 'P', 16),
(88, 'W', 600),
(89, 'H', 20),
(89, 'L', 10),
(89, 'P', 11),
(89, 'W', 263),
(90, 'H', 5),
(90, 'L', 14.9),
(90, 'P', 3.2),
(90, 'W', 441),
(91, 'H', 14),
(91, 'L', 9.5),
(91, 'P', 12),
(91, 'W', 262),
(92, 'H', 12),
(92, 'L', 55),
(92, 'P', 32),
(92, 'W', 10000),
(93, 'H', 3),
(93, 'L', 32),
(93, 'P', 34),
(93, 'W', 2410),
(94, 'H', 10.1),
(94, 'L', 4.4),
(94, 'P', 1.9),
(94, 'W', 79),
(95, 'H', 12),
(95, 'L', 4),
(95, 'P', 2),
(95, 'W', 77),
(96, 'H', 59.7),
(96, 'L', 16.5),
(96, 'P', 48.2),
(96, 'W', 23100),
(97, 'H', 21),
(97, 'L', 65),
(97, 'P', 25),
(97, 'W', 8777),
(98, 'H', 10),
(98, 'L', 43),
(98, 'P', 40),
(98, 'W', 8250),
(99, 'H', 4.5),
(99, 'L', 45),
(99, 'P', 17),
(99, 'W', 1015),
(100, 'H', 3),
(100, 'L', 21),
(100, 'P', 28),
(100, 'W', 1170),
(101, 'H', 7),
(101, 'L', 33.5),
(101, 'P', 33.5),
(101, 'W', 4704),
(102, 'H', 16.5),
(102, 'L', 42.5),
(102, 'P', 51.5),
(102, 'W', 10.5),
(103, 'H', 23),
(103, 'L', 25),
(103, 'P', 39),
(103, 'W', 16100),
(104, 'H', 16),
(104, 'L', 27),
(104, 'P', 32.3),
(104, 'W', 5970),
(105, 'H', 7.5),
(105, 'L', 19),
(105, 'P', 1),
(105, 'W', 410),
(106, 'H', 4),
(106, 'L', 50),
(106, 'P', 31),
(106, 'W', 5000),
(107, 'H', 3),
(107, 'L', 13),
(107, 'P', 3),
(107, 'W', 176),
(108, 'H', 6),
(108, 'L', 6),
(108, 'P', 2),
(108, 'W', 370),
(109, 'H', 8),
(109, 'L', 23),
(109, 'P', 0.4),
(109, 'W', 145),
(110, 'H', 1.5),
(110, 'L', 33),
(110, 'P', 0.1),
(110, 'W', 19),
(111, 'H', 21),
(111, 'L', 27),
(111, 'P', 6),
(111, 'W', 2500),
(112, 'H', 45),
(112, 'L', 20),
(112, 'P', 7),
(112, 'W', 2140),
(113, 'H', 0.5),
(113, 'L', 21),
(113, 'P', 0.5),
(113, 'W', 22),
(114, 'H', 3.5),
(114, 'L', 20),
(114, 'P', 1.5),
(114, 'W', 283),
(115, 'H', 18),
(115, 'L', 7),
(115, 'P', 5),
(115, 'W', 2356),
(116, 'H', 7),
(116, 'L', 13),
(116, 'P', 6),
(116, 'W', 380),
(117, 'H', 9),
(117, 'L', 8),
(117, 'P', 1),
(117, 'W', 63),
(118, 'H', 6),
(118, 'L', 23),
(118, 'P', 0.7),
(118, 'W', 290),
(119, 'H', 9),
(119, 'L', 25),
(119, 'P', 4),
(119, 'W', 1360),
(120, 'H', 2),
(120, 'L', 13),
(120, 'P', 0.5),
(120, 'W', 125),
(121, 'H', 6),
(121, 'L', 24),
(121, 'P', 0.8),
(121, 'W', 180),
(122, 'H', 6),
(122, 'L', 27),
(122, 'P', 0.5),
(122, 'W', 356.5),
(123, 'H', 0.8),
(123, 'L', 11),
(123, 'P', 0.8),
(123, 'W', 28),
(124, 'H', 4),
(124, 'L', 45),
(124, 'P', 4),
(124, 'W', 545),
(125, 'H', 3),
(125, 'L', 23),
(125, 'P', 3),
(125, 'W', 683),
(126, 'H', 11),
(126, 'L', 32),
(126, 'P', 3),
(126, 'W', 664),
(127, 'H', 8),
(127, 'L', 15),
(127, 'P', 6),
(127, 'W', 1845),
(128, 'H', 4),
(128, 'L', 21),
(128, 'P', 4),
(128, 'W', 1155),
(129, 'H', 6),
(129, 'L', 16),
(129, 'P', 6),
(129, 'W', 766),
(130, 'H', 16),
(130, 'L', 16),
(130, 'P', 3),
(130, 'W', 1025),
(131, 'H', 15),
(131, 'L', 15),
(131, 'P', 15),
(131, 'W', 2539),
(132, 'H', 2),
(132, 'L', 19),
(132, 'P', 3),
(132, 'W', 725),
(133, 'H', 2),
(133, 'L', 19),
(133, 'P', 2),
(133, 'W', 310),
(134, 'H', 7),
(134, 'L', 1),
(134, 'P', 1),
(134, 'W', 50),
(135, 'H', 19),
(135, 'L', 19),
(135, 'P', 3),
(135, 'W', 612),
(136, 'H', 6),
(136, 'L', 14),
(136, 'P', 0.5),
(136, 'W', 226),
(137, 'H', 21),
(137, 'L', 9),
(137, 'P', 3),
(137, 'W', 855),
(138, 'H', 25),
(138, 'L', 25),
(138, 'P', 0.3),
(138, 'W', 680),
(139, 'H', 4),
(139, 'L', 55),
(139, 'P', 2),
(139, 'W', 335),
(140, 'H', 16),
(140, 'L', 38),
(140, 'P', 10),
(140, 'W', 749),
(141, 'H', 6.5),
(141, 'L', 60),
(141, 'P', 18),
(141, 'W', 2475),
(142, 'H', 34),
(142, 'L', 57),
(142, 'P', 2),
(142, 'W', 630),
(143, 'H', 12),
(143, 'L', 42),
(143, 'P', 42),
(143, 'W', 1030),
(144, 'H', 23),
(144, 'L', 24.5),
(144, 'P', 6),
(144, 'W', 335),
(145, 'H', 2),
(145, 'L', 51),
(145, 'P', 2),
(145, 'W', 1111),
(146, 'H', 7),
(146, 'L', 28),
(146, 'P', 3),
(146, 'W', 1075),
(147, 'H', 3),
(147, 'L', 22),
(147, 'P', 0.5),
(147, 'W', 64),
(148, 'H', 9.4),
(148, 'L', 37),
(148, 'P', 7),
(148, 'W', 950),
(149, 'H', 62),
(149, 'L', 62),
(149, 'P', 16),
(150, 'H', 25),
(150, 'L', 27),
(150, 'P', 49),
(150, 'W', 16800),
(151, 'H', 0.3),
(151, 'L', 45),
(151, 'P', 0.3),
(151, 'W', 3300),
(152, 'H', 33),
(152, 'L', 21),
(152, 'P', 18),
(152, 'W', 235),
(153, 'C', 15),
(153, 'G', 2800),
(153, 'H', 50),
(153, 'V', 380),
(154, 'H', 0),
(154, 'L', 0),
(154, 'P', 0),
(154, 'W', 0),
(155, 'H', 3),
(155, 'L', 145),
(155, 'P', 26),
(156, 'H', 7),
(156, 'L', 13),
(156, 'P', 0.7),
(156, 'W', 450),
(157, 'H', 15),
(157, 'L', 10),
(157, 'P', 5),
(157, 'W', 1),
(158, 'H', 59.5),
(158, 'L', 260.2),
(158, 'P', 44.3),
(159, 'H', 70),
(159, 'L', 100),
(159, 'P', 100),
(160, 'H', 13),
(160, 'L', 30),
(160, 'P', 10),
(161, 'H', 57.5),
(161, 'K', 13),
(161, 'L', 170.5),
(161, 'P', 39),
(162, 'H', 172),
(162, 'L', 67),
(162, 'P', 60),
(163, 'H', 72),
(163, 'L', 35),
(163, 'P', 15),
(163, 'W', 10),
(164, 'H', 135),
(164, 'L', 132.5),
(164, 'P', 50),
(165, 'H', 175),
(165, 'L', 28),
(165, 'P', 75),
(166, 'H', 170),
(166, 'L', 63),
(166, 'P', 45),
(166, 'W', 0),
(167, 'H', 204),
(167, 'L', 135),
(167, 'P', 94),
(168, 'H', 188),
(168, 'L', 87),
(168, 'P', 78),
(169, 'H', 160),
(169, 'L', 65),
(169, 'P', 50),
(170, 'H', 118),
(170, 'L', 174),
(170, 'P', 37),
(171, 'H', 141),
(171, 'L', 63),
(171, 'P', 20),
(171, 'W', 0),
(172, 'H', 113),
(172, 'L', 171),
(172, 'P', 41),
(172, 'W', 0),
(173, 'H', 97),
(173, 'L', 120),
(173, 'P', 80),
(174, 'H', 137),
(174, 'L', 115),
(174, 'P', 36),
(175, 'H', 160),
(175, 'L', 79.5),
(175, 'P', 79.5),
(175, 'W', 0),
(176, 'H', 51),
(176, 'L', 44),
(176, 'P', 61),
(177, 'H', 117),
(177, 'L', 267),
(177, 'P', 81),
(178, 'H', 124),
(178, 'L', 45),
(178, 'P', 38),
(179, 'H', 142),
(179, 'L', 152),
(179, 'P', 138);

-- --------------------------------------------------------

--
-- Struttura della tabella `nomimisure`
--

CREATE TABLE `nomimisure` (
  `tipomisura` char(1) NOT NULL,
  `nomemisura` varchar(50) NOT NULL,
  `unitadimisura` varchar(10) NOT NULL
) ENGINE=MyISAM DEFAULT CHARSET=latin1 COLLATE=latin1_swedish_ci;

--
-- Dump dei dati per la tabella `nomimisure`
--

INSERT INTO `nomimisure` (`tipomisura`, `nomemisura`, `unitadimisura`) VALUES
('I', 'Capacità', 'mL'),
('L', 'Lunghezza', 'cm'),
('P', 'Profondità', 'cm'),
('H', 'Altezza', 'cm'),
('W', 'Peso', 'g'),
('M', 'Memoria', 'kB'),
('R', 'Resistenza', 'Ohm'),
('V', 'Voltaggio', 'V'),
('A', 'Amperaggio', 'A'),
('C', 'Cavalli', 'Hp'),
('F', 'Frequenza', 'Hz'),
('G', 'Giri al minuto', 'rpm'),
('K', 'Potenza', 'KW');

-- --------------------------------------------------------

--
-- Struttura della tabella `parti`
--

CREATE TABLE `parti` (
  `nparte` int(2) NOT NULL,
  `codassoluto` int(3) NOT NULL,
  `nomeparte` char(30) NOT NULL
) ENGINE=MyISAM DEFAULT CHARSET=latin1 COLLATE=latin1_swedish_ci;

--
-- Dump dei dati per la tabella `parti`
--

INSERT INTO `parti` (`nparte`, `codassoluto`, `nomeparte`) VALUES
(1, 10, 'Lamina'),
(1, 12, 'Rocchetto-medio'),
(1, 16, 'Reostato'),
(1, 21, 'Pulsantiera d\'annunciazione'),
(1, 25, 'Relè'),
(1, 28, 'Carrello'),
(1, 46, 'Analizzatore'),
(1, 48, 'Carrelli'),
(1, 49, 'Tubo'),
(1, 50, 'Agitatore'),
(1, 51, 'Dischi'),
(1, 57, 'Obiettivo'),
(1, 64, 'Bobina'),
(1, 65, 'Piattini'),
(1, 66, 'Piattino'),
(1, 67, 'Piattino'),
(1, 72, 'Treppiedi'),
(1, 80, 'Cavo'),
(1, 83, 'Carrello porta fogli'),
(1, 84, '5 Floppy disk'),
(1, 85, 'Cornetta'),
(1, 86, 'Monitor'),
(1, 87, 'Base'),
(1, 88, 'Cornetta'),
(1, 89, 'Base'),
(1, 90, 'Base'),
(1, 99, 'Tasti'),
(1, 101, 'Monitor'),
(1, 104, 'Manovella'),
(1, 105, 'Micrometro'),
(1, 106, 'Filiera'),
(1, 108, 'Calibro fisso'),
(1, 117, 'Morsetti con bussola'),
(1, 118, 'Chiave più piccola'),
(1, 119, 'Chiave più piccola'),
(1, 120, 'Chiave più piccola'),
(1, 121, 'Chiave più piccola'),
(1, 122, 'Chiave più piccola'),
(1, 123, 'Punta più piccola'),
(1, 124, 'Lima più piccola'),
(1, 125, 'Alesatore regolabile a mano'),
(1, 126, 'Martello più piccolo'),
(1, 127, 'Taglienti'),
(1, 128, 'Cantrante'),
(1, 129, 'Contropunta senza supporto'),
(1, 130, 'Mole1'),
(1, 131, 'Ruota senza maniglia'),
(1, 132, 'Godrone'),
(1, 135, 'Cuscinetto'),
(1, 136, 'Morsetto più piccolo'),
(1, 139, 'Compasso'),
(1, 140, 'Martello piccolo'),
(1, 142, 'Lama'),
(1, 152, 'Mascherina'),
(1, 155, 'Scaglia'),
(1, 158, 'Secondo generatore'),
(2, 12, 'Rocchetto-medio-piccolo'),
(2, 16, 'Reostato'),
(2, 48, 'Pesi'),
(2, 57, 'Lenti'),
(2, 86, 'Case'),
(2, 87, 'Ricevitore'),
(2, 90, 'Ricevitore'),
(2, 101, 'Mouse'),
(2, 105, 'Micrometro piccolo'),
(2, 106, 'Porta filiera'),
(2, 128, 'Mandrino più piccolo'),
(2, 130, 'Mole2'),
(2, 155, 'Regolo'),
(2, 158, 'Terzo generatore'),
(3, 12, 'Rocchetto-piccolo'),
(3, 16, 'Reostato'),
(3, 48, 'Carrucola'),
(3, 86, 'Tastierino'),
(3, 90, 'Alimentatore'),
(3, 101, 'Tastiera'),
(3, 106, 'Maschio'),
(3, 130, 'Mole3'),
(4, 16, 'Reostato'),
(4, 86, 'Monitor + case'),
(4, 130, 'Mole4'),
(5, 16, 'Reostato'),
(6, 16, 'Reostato'),
(7, 16, 'Reostato');

-- --------------------------------------------------------

--
-- Struttura della tabella `repertinuova`
--

CREATE TABLE `repertinuova` (
  `codassoluto` int(3) NOT NULL,
  `datacatalogazione` datetime DEFAULT NULL,
  `nome` char(50) DEFAULT NULL,
  `sezione` char(1) DEFAULT NULL COMMENT '''I'' -> Informatica; ''S'' -> Scienze; ''E'' -> Elettronica; ''M'' -> Meccanica',
  `codrelativo` int(3) DEFAULT NULL,
  `definizione` char(250) DEFAULT NULL,
  `denominazionestorica` text DEFAULT NULL,
  `descrizione` text DEFAULT NULL,
  `modouso` text DEFAULT NULL,
  `annoiniziouso` int(4) DEFAULT NULL,
  `annofineuso` int(4) DEFAULT NULL,
  `scopo` text DEFAULT NULL,
  `stato` int(1) DEFAULT NULL COMMENT 'Da 1 a 5; 1 -> Pessimo; 5 -> Eccellente',
  `osservazioni` text DEFAULT NULL
) ENGINE=MyISAM DEFAULT CHARSET=latin1 COLLATE=latin1_swedish_ci;

--
-- Dump dei dati per la tabella `repertinuova`
--

INSERT INTO `repertinuova` (`codassoluto`, `datacatalogazione`, `nome`, `sezione`, `codrelativo`, `definizione`, `denominazionestorica`, `descrizione`, `modouso`, `annoiniziouso`, `annofineuso`, `scopo`, `stato`, `osservazioni`) VALUES
(1, '2019-03-25 10:25:33', 'Interruttore magnetotermico trifase', 'E', 0, 'Interruttore magnetotermico trifase da 20A e 380V', 'Interruttore magnetotermico trifase', 'Interruttore da parete magnetotermico trifase da 20A e 380V. Prodotto dall\'azienza BTICINO. Presenta tre fusibili. Costruito con più materiali: ceramica, plastica, rame etc.', 'Veniva fissato alla parete e lasciato agire automaticamente', 1970, 0, 'Proteggere il circuito da sovraccarichi di corrente o cortocircuiti', 4, 'Si può aprire con l\'apposito meccanismo. Ancora funzionante.'),
(2, '2019-03-25 12:14:42', 'Interruttore magnetotermico tripolare', 'E', 1, 'Interruttore magnetotermico tripolare da 20A', 'Interruttore magnetotermico tripolare', 'Presenta 3 fusibili sulla parte frontale coperti ognuno da un copri-fusibile. Si può aprire tramite l\'apposito meccanismo di apertura. Non funzionante.', 'Veniva fissato al muro e lasciato agire.', 1970, 0, 'Proteggere il circuito da sovraccarichi di corrente o cortocircuiti', 3, ''),
(3, '2019-03-25 12:26:45', 'Interruttore magnetotermico tripolare', 'E', 2, 'Interruttore magnetotermico tripolare da 13A e 380V', 'Interruttore magnetotermico tripolare', 'Può essere aperto tramite l\'apposito meccanismo di apertura. Presenta tre fusibili coperti ognuno da un proprio copri-fusibile.', 'Veniva fissato al muro e poi lasciato agire.', 1970, 0, 'Proteggere il circuito da sovraccarichi di corrente o cortocircuiti.', 3, ''),
(4, '2019-03-25 12:11:35', 'Interruttore differenziale tetrapolare', 'E', 3, 'Interruttore differenziale tetrapolare I?N a 0.5A da 32A e 380V', 'Interruttore differenziale', 'Interruttore differenziale tetrapolare da parete, in plastica nera. Presenta morsetti di entrata, sganciatori di sovraccaricamento, morsetti di uscita, pulsante di prova.', 'Veniva fissato alla parete e lasciato agire.', 1970, 0, 'Proteggere il circuito da sovraccarichi di corrente.', 3, ''),
(5, '2019-03-26 09:50:54', 'Interruttore differenziale tetrapolare', 'E', 4, 'Interruttore differenziale tetrapolare da parete da 16A e 380V', 'Interruttore differenziale tetrapolare', 'Interruttore tetrapolare da parete, da 16A e 380V. Presenta un rivestimento in plastica e una serie di 4 leve (collegate in un unico blocco) che gestiscono il meccanismo.', 'Veniva fissato alla parete e lasciato agire.', 1980, 0, 'Proteggere il circuito da sovraccarichi di corrente o cortocircuiti.', 4, ''),
(6, '2019-03-26 09:55:24', 'Interruttore tripolare', 'E', 5, 'Interruttore tripolare da 25A e 380V', 'Interruttore tripolare ', 'Esternamente è completamente rivestito da un guscio in plastica di colore variabile (grigio, nero) e uno stemma che rappresenta l\'azienza costruttrice.\nPossiede una levetta smaltata di rosso e verde a seconda che l\'interruttore sia aperto o chiuso.', 'Veniva fissato al muro e lasciato agire.', 1940, 1990, 'Proteggere il circuito da sovraccarichi di corrente o ciìortocircuiti.', 4, ''),
(7, '2019-03-26 09:57:02', 'Interruttore tripolare', 'E', 6, 'Interruttore tripolare da 20A e 380V', 'Interruttore tripolare', 'Esternamente è rivestito interamente da un guscio in plastica di colore variabile (grigio, nero).\nPresenta una levetta smaltata di rosso e verde a seconda che l\'interruttore sia aperto o chiuso.', 'Veniva fissato alla parete e lasciato agire.', 1940, 1990, 'Proteggere il circuito da sovraccarichi di corrente o cortocircuiti.', 3, ''),
(8, '2019-03-26 09:47:56', 'Interruttore tripolare', 'E', 7, 'Interruttore da parete tripolare', 'Interruttore tripolare', 'Presenta una placca esterna sul lato frontale in metallo color grigio. Due pulsanti, uno nero e uno rosso che rappresentano l\'1 e lo 0 logico. I fusibili sono protetti da un rivestimento di metallo.', 'Veniva fissato al muro e attivato o disattivato a seconda dell\'utilizzo.', -1, -1, 'Proteggere il circuito da sovraccarichi di corrente o cortocircuiti.', 3, 'Informazioni poco reperibili'),
(9, '2019-03-26 11:23:00', 'Interruttore magnetotermico', 'E', 11, 'Interruttore magnetotermico tripolare da 50A - 380V', '', 'Presenta un rivestimento esterno in acciaio rimovibile tramite l\'apposito meccanismo di apertura. I tre fusibili sono coperti ognuno da un copri-fusibile in esposizione, svitabile.', 'Veniva fissato al muro e lasciato agire.', 1960, 0, 'Proteggere il circuito da sovraccarichi di corrente o cortocircuiti.', 4, ''),
(10, '2019-03-26 12:25:04', 'Set di lamierini', 'E', 9, 'Lamierino di acciaio al silicio', 'Lamierino', 'Lamina di materiale metallico di piccolo spessore ottenuto per laminazione ', 'Usata per la costruzione  di parti di macchine e di apparecchi elettrici destinate ad essere attraversate da un flusso magnetico', -1, -1, 'Involge sostanze deperibili ', 4, ''),
(11, '2019-03-26 12:52:41', 'Commutatore elettrico', 'E', 8, 'Commutatore elettrico da 16A e 550V', 'Commutatore ', 'Si presenta sotto forma di scatola chiusa in acciaio pittato di azzurro. Sul lato è visibile una manopola che se serve per l\'apertura del guscio di rivestimento e per identificare lo 0 e l\'1 logico. Sul fronte c\'è una spia rossa di segnalazione.', 'Viene fissato al muro e lasciato agire.', 2001, 0, 'La funzione del commutatore è di instradare, tramite delle tecniche di commutazione, i segnali dati in ingresso, mediante apposite porte, verso determinate interfacce di uscita.', 5, ''),
(12, '2019-03-26 13:00:45', 'Rocchetti di rame', 'E', 10, 'Set di rocchetti di rame di varie dimensioni', 'Rocchetti di rame', 'Filo unico di rame avvolto su se stesso con tronco centrale in plastica.', 'Volta per volta si srotolava la quantità di rame necessaria e si troncava il filo.', -1, 0, 'Conservare il rame occupando meno spazio possibile e senza danneggiarlo.', 5, ''),
(13, '2019-03-26 13:20:01', 'Temporizzatore THEBEN SUL 080 0 001', 'E', 12, 'Temporizzatore THEBEN SUL 080 0 001', '', 'Dispositivo elettrico racchiuso in un guscio in plastica composto da due parti di diverso colore (grigio scuro, grigio chiaro). Sulla facciata frontale è presente il grafico di misurazione coperto da una finestra in plastica trasparente removibile.', 'Si setta il relè temporizzato che si eccita quando l\'orologio del dispositivo arriva a un determinato orario.', 1975, 2004, 'Permette di svolgere automaticamente una o più azioni a intervalli di tempo prefissati, consentendo l\'entrata in funzione o la chiusura di apparecchi o congegni.', 2, 'Non funzionante'),
(14, '2019-03-26 13:34:56', 'Voltmetro analogico', 'E', 13, 'Voltmetro vintage I.C.E.', '', 'Voltmetro compatto, si presenta sotto forma di parallelepipedo in plastica senza sporgenze. ll fronte è diviso in due: una parte superiore dedicata al \"display\" analogico e una parte inferiore dedicata all\'utilizzo da parte dell\'utente.', 'Si inserivano i morsetti e si misurava la tensione.', 1974, 2011, 'Misurare la tensione all\'interno di un circuito.', 1, 'Non funzionante'),
(15, '2019-03-26 13:43:10', 'MCP-3 clamp-on tester', 'E', 14, 'Tester analogico MCP-3 clamp-on', '', 'Tester compatto. Diviso in due parti, una superiore dedicata all\'interfacciamento con l\'utente e una inferiore per il \"display\" analogico. Sulla parte alta sono presenti due morsetti fra cui si inseriva il circuito.', 'Si poneva al centro delle due pinze il circuito di cui misurare la tensione.', 1974, 2004, 'Misurare la tensione ai capi di un circuito e l\'intensità di corrente passante per esso.', 2, 'Non funzionante'),
(16, '2019-03-27 09:39:07', 'Set di reostati a filo di varia portata', 'E', 15, 'Reostati a filo di varia portata', '', 'Il reostato è un resistore a resistenza variabile.\nÈ costituito da un filo conduttore avvolto su un cilindro di materiale isolante. Un contatto mobile strisciante, detto cursore, può essere spostato parallelamente all\'asse del cilindro.', 'Attraverso la taratura dello strumento è possibile valutare la resistenza utilizzata in base alla posizione del cursore.\nIl reostato può essere usato come elemento variabile di un ponte di Wheatstone (dispositivo inventato da Samuel Hunter Christie nel 1833 e perfezionato da Charles Wheatstone nello stesso anno per misurare il valore di una resistenza elettrica), il quale viene facilmente bilanciato mediante lo spostamento del cursore.', 1974, 2004, 'Venivano usati per ridurre la potenza disponibile ad un carico elettrico in maniera facilmente variabile. ', 3, 'Il resotato schedato è da 75? e 2.6A '),
(17, '2019-03-27 10:50:55', 'Quadro di chiamata a cartellino cadente', 'E', 17, 'Quadro di chiamata a cartellino cadente', '', 'Dispositivo basilare costituito all\'interno da un numero di relè variabili. Esternamente è protetto da un guscio in plastica color grigio chiaro. Presenta una fessura sul lato frontale attraverso cui è possibile vedere i cartellini collegati ai relè.', 'Veniva fissato alla parete o incastrato su un appoggio e quando arrivava una chiamata da un determinato luogo il relè corrispondente si eccitava sollevando il cartellino ad esso collegato.', 1974, 2004, 'Capire da dove proviene una telefonata.', 2, ''),
(18, '2019-03-27 10:57:19', 'Pulsante', 'E', 18, 'Pulsante normalmente aperto/chiuso', '', 'Dispositivo che in base ad un pulsante e ad un circuito interno lascia passare corrente o meno.', 'Si pigia il pulsante in base all\'effetto che si vuole ottenere.', 1974, 2004, 'Attivare e/o disattivare un dispositivo elettrico.', 2, ''),
(19, '2019-03-27 11:04:02', 'Campanello', 'E', 19, 'Campanello e/o suoneria', '', 'Circuito elettrico protetto esternamente da un rivestimento in metallo e collegato ad un meccanismo acustico che se attivato genera una suoneria.', 'Si collega alla rete elettrica e suona.', 1974, 2004, 'Segnalare l\'arrivo di qualcuno. Avvisare lo scadere di un timer.', 2, ''),
(20, '2019-03-27 11:21:28', 'Timer', 'E', 20, 'Timer sincronizzato', '', 'Dispositivo elettromeccanico che al termine di un determinato periodo di tempo eccita un relè che a sua volta fa scattare un meccanismo acustico.', 'Si regolava la durata del timer attraverso una manopola posta sul lato frontale.', 1974, 2004, 'Limitare il funzionamento di un dispositivo ad un preciso periodo di tempo.', 3, ''),
(21, '2019-03-27 11:38:40', 'Sistema di richiesta udienza', 'E', 21, 'Sistema di richiesta udienza', '', 'Dispositivo compatto che presenta tre pulsanti sul lato frontale ognuno con l\'etichetta (in plastica) corrispondente. Collegato elttricamente ad un dispositivo posto fuori dalla stanza che presenta un unico pulsante per l\'annunciazione.', 'Si pigiava il pulsante per annunciarsi quando si era fuori dalla stanza. Colui che era dentro la stanza riceveva quest\'azione tramite segnale acustico e pigiava uno dei tre pulsanti sul dispositivo per segnalare se era necessario attendere o si poteva entrare.', 1974, 0, 'Segnalare la disponibilità o meno di un impiegato in un ufficio.', 2, ''),
(22, '2019-03-27 11:51:42', 'Oscilloscopio DI-1837', 'E', 22, 'Oscilloscopio', '', 'Dispositivo elettronico racchiuso in un guscio di acciaio verniciato aperto su un lato. Sul lato frontale presenta numerose manopole, tasti, switch e porte per l\'inserimento di diversi componenti. Presenta inoltre un display circolare.', 'Veniva collegato alla rete elettrica e si analizzavano le funzioni generate attraverso il display.', 1974, 2004, 'Consente di visualizzare, su un grafico bidimensionale, l\'andamento nel dominio del tempo dei segnali elettrici ed effettuare misure a lettura diretta di tensione', 2, 'Donato da ITCA'),
(23, '2019-03-27 12:02:20', 'Videogeneratore di onde', 'E', 23, 'Videogeneratore di onde', '', 'Dispositivo che genera onde sinusoidali a frequenza variabile visibili attraverso un oscilloscopio.', 'Veniva collegato alla rete elettrica e venivano settati i parametri dell\'onda da generare (frequenza, ampiezza...).', 1974, 2004, 'Generare onde sinusoidali da analizzare attraverso l\'oscilloscopio.', 2, ''),
(24, '2019-03-28 09:06:18', 'Trasformatore monofase', 'E', 24, 'Trasformatore monofase', '', 'Dispositivo costituito da un nucleo composto da lamine in acciaio al silicio.\nIl nucleo è protetto lateralmente da due placche di acciaio.', 'Il trasformatore è costituito da due conduttori elettrici (solenoidi) avvolti su un anello di materiale ferromagnetico detto nucleo magnetico. L\'avvolgimento al quale viene fornita energia viene detto primario, mentre quello dal quale l\'energia è prelevata è detto secondario. I trasformatori sono macchine reversibili, per cui l\'avvolgimento primario potrebbe essere anche visto come secondario e viceversa. ', 1974, 2004, 'Variare (trasformare) i parametri elettrici (tensione e intensità di corrente) da una rete primaria ad una secondaria, mantenendo costante la potenza elettrica apparente.', 2, ''),
(25, '2019-03-28 09:18:49', 'Set di relè elettromagnetici', 'E', 16, 'Relè elettromagnetici', 'Relè elettromagnetici', 'Dispositivo costituito da un nucleo di materiale magnetico inserito in una bobina di eccitazione avvolta su un rocchetto di materiale isolante.', 'Quando alla bobina viene applicata una tensione che mobilita un\' ancoretta al suo interno, i contatti di un sistema di molle vengono azionati e riportano il relè in uno stato di riposo.', 1974, 2004, 'Dispositivo utilizzato come interruttore commutatore/interruttore che può essere azionato a distanza.', 4, ''),
(26, '2019-03-28 09:32:33', 'Trasformatore monofase', 'E', 26, 'Trasformatore', 'Trasformatore Monofase', 'Il dispositivo è realizzato in modo da garantire una buona stabilità meccanica, rendere minime le perdite nel ferro dovute alle correnti parassite, presentare una elevata permeabilità magnetica e raggiungere una elevata induzione magnetica.', 'Il trasformatore è una macchina elettrica statica in grado di abbassare o innalzare il valore di una tensione alternata. È usato per alimentare gli utilizzatori elettrici che funzionano a corrente alternata con tensione diversa dalla tensione di rete a 230 V.', 1831, 0, 'È usato per alimentare gli utilizzatori elettrici che funzionano a corrente alternata con tensione diversa dalla tensione di rete a 230 V.', 1, ''),
(27, '2019-03-28 09:34:40', 'Doppio ponte di Thomson', 'E', 25, 'Doppio ponte di Thomson', '', 'Si presenta sotto forma di scatola chiusa. Sul lato alto sono visibili 12 manopole diverse fra loro.', 'Il metodo del doppio ponte di Thomson si basa sul confronto tra le cadute di tensione provocate dal resistore incognito Rx e da un resistore campione Rc, dotati di quattro terminali, collegati in serie fra loro attraverso i terminali di corrente e facenti capo alla sorgente di alimentazione del ponte.', 1974, 2004, 'Fornire un\'indicazione indipendente da eventuali variazioni di corrente nel circuito sul quale e inserita la resistenza in prova e pure indipendente, entro certi limiti, dalle resistenze di collegamento e di contatto.', 2, ''),
(28, '2019-03-28 10:21:19', 'Trasformatore monofase a 3 colonne', 'E', 27, 'Trasformatore', 'Trasformatore monofase a 3 colonne', 'Il trasformatore presenta tre colonne rivestite da carta poste in orizzontale collegate tra di loro a \"stella\" disposte su uno scheletro in metallo che li sostiene, presenta etichette sui lati che indicano i valori di voltaggio e amperaggio massimi.', '', 1974, 2004, '', 3, ''),
(29, '2019-03-28 10:23:46', 'Trasformatore monofase a 2 colonne', 'E', 28, 'Trasformatore monofase a 2 colonne', '', 'La denominazione “a colonne” indica che la distribuzione degli avvolgimenti è su più invece che su una sola colonna. Dispositivo che presenta due avvolgimenti disposti in orizzontale. Entrambi gli avvolgimenti sono coperti da un foglio di cartoncino.', '', 1974, 2004, '', 2, ''),
(30, '2019-03-28 11:55:45', 'Tubo a raggi catodici', 'E', 30, 'Tubo a raggi catodici', 'Tubo a raggi catodici', 'l tubo a raggi catodici, o semplicemente tubo catodico, era un tipo di tubo elettronico utilizzato in passato e sino agli inizi degli anni duemila, per realizzare vari tipi di apparecchi elettronici.', 'Utilizzato nelle televisioni a tubo catodico ', 1922, 2004, 'Il catodo è un piccolo elemento metallico riscaldato all\'incandescenza che emette elettroni per effetto termoionico. All\'interno del tubo catodico questi elettroni vengono diretti in un fascio (raggi catodici) per mezzo di una elevata differenza di potenziale elettrico tra catodo e anodo, con l\'aiuto di altri campi elettrici o magnetici opportunamente disposti il fascio è accuratamente focalizzato.', 3, ''),
(31, '2019-03-28 12:12:09', 'Trasformatore monofase a 2 colonne', 'E', 29, 'Trasformatore monofase a 2 colonne', '', '', '', 1974, 2004, '', 2, ''),
(32, '2019-03-28 12:43:50', 'Circuito simulatore crono-relè', 'E', 31, 'Circuito simulatore crono-relè', '', 'Dispositivo a forma di parallelepipedo. Presenta una maniglia adibita al trasporto nella parte superiore, un griglia forata in metallo sulla facciata posteriore e varie manopole, switch e pulsanti sulla facciata frontale.', 'Veniva collegato alla rete elettrica e poi attraverso il circuito interno si poteva gestire un relè collegato ad un cronometro.', 1960, 1960, 'Strumentazione a scopo didattico.', 3, ''),
(33, '2019-03-28 12:45:19', 'Stabilizzatore di tensione', 'E', 32, 'Stabilizzatore di tensione', 'Stabilizzatore di tensione', 'E\' un dispositivo elettronico in grado di regolare automaticamente la tensione ed eventualmente anche la frequenza o la corrente elettrica secondo i valori impostati.', 'Trovano impiego nei generatori sincroni di ultima generazione.', 1968, 2004, 'Stabilizza le tensioni continue in valori più bassi adatte per le schede elettroniche.', 3, ''),
(34, '2019-03-28 13:02:08', 'Circuito simulatore capax-relè', 'E', 34, 'Circuito simulatore capax-relè', '', 'Dispositivo a forma di parallelepipedo. Presenta una maniglia adibita al trasporto sulla parte alta, una griglia di metallo forata sulla facciata posteriore e varie manopole, switch e pulsanti sulla facciata frontale.', 'Veniva collegato alla rete elettrica e attraverso un circuito interno era possibile gestire un relè collegato ad una capacità.', 1960, 1960, 'Strumentazione a scopo didattico.', 3, ''),
(35, '2019-03-28 13:26:50', 'Alimentatore stabilizzato B.T.', 'E', 35, 'Alimentatore stabilizzato B.T. mod. AS-TR 3000/20', '', 'Dispositivo a forma di parallelepipedo . Presenta una maniglia sulla parte alta adibita al trasporto. Sulla facciata frontale sono visibili deu display analogici, due spie, uno switch e quattro manopole. ', 'Veniva collegato alla rete elettrica e tramite le manopole si poteva gestire la tensione in uscita per stabilizzarla.', 1974, 2004, 'Generare una tensione stabile di determinato valore.', 3, ''),
(36, '2019-03-29 09:00:36', 'Radio a valvole', 'E', 33, 'Radio a valvole', '', 'Dispositivo in metallo a forma di parallelepipedo. Presenta, sul lato frontale,  4 valvole. L\'intero guscio esterno è ricoperto di fessure per la diffusione delle onde sonore.', 'Veniva collegato alla rete elettrica e ad un dispostivo acustico. ', 1930, 1970, 'Amplificare un\'onda.', 2, ''),
(37, '2019-03-29 10:52:19', 'Tubo a raggi catodici Philips', 'E', 37, 'Tubo a raggi catodici Philips', '', 'Era un tipo di tubo elettronico (normalmente un tubo a vuoto) utilizzato in passato e sino agli inizi degli anni duemila, per realizzare vari tipi di apparecchi elettronici.', 'I fasci di elettroni sono convogliati ad hoc su di una superficie fotosensibile frontale e muovendosi nel piano cartesiano \"disegnavano\" sullo schermo le immagini etc.', NULL, -1, 'Proiettare immagini sullo schermo di un televisore o di un monitor.', 3, ''),
(38, '2019-03-29 11:00:34', 'Trasformatore trifase a 2 colonne', 'E', 38, 'Trasformatore trifase a 2 colonne', '', '', '', 1974, 2004, '', 2, ''),
(39, '2019-03-29 11:55:53', 'Wattmetro elettrodinamico monofase', 'E', 40, 'Wattmetro elettrodinamico monofase', '', 'Dispositivo a forma di parallelepipedo in acciaio nero. Presenta nella parte alta della facciata frontale varie manopole mentre nella parte centrale è situato un display analogico.', 'Si inserivano i morsetti negli appositi pin e il dispositivo misurava la tensione e la corrente.', NULL, NULL, 'Misurare la potenza elettrica attiva generata su una sezione di una linea elettrica. ', 3, 'Non funzionante'),
(40, '2019-03-29 12:37:11', 'Wattmetro elettrodinamico monofase WC 15', 'E', 38, 'Wattmetro elettrodinamico monofase WC 15', '', 'Dispositivo a forma di parallelepipedo in legno color ciliegio. Presenta nella parte alta della facciata frontale un display analogico, nella parte bassa delle infromazioni riguardo il dispositivo. Nella parte alta ci sono i pin per i morsetti.', 'Si inserivano i morsetti negli appositi pin e il dispositivo misurava la tensione e la corrente.', 1974, 2004, 'Misurare la potenza elettrica attiva generata su una sezione di una linea elettrica. ', 3, 'Non funzionante'),
(41, '2019-04-01 09:06:15', 'Amperometro elettromagnetico', 'E', 39, 'Amperometro elettromagnetico EC 15', '', 'Dispositivo a forma di parallelepipedo in legno color ciliegio. Presenta nella parte alta 4 manopole. La facciata frontale è divisa in due: la parte alta è costituita da un display analogico mentre la parte bassa contiene delle informazioni su carta.', 'Si inserivano i morsetti negli appositi pin e il dispositivo misurava la corrente.', 1974, 2004, 'Strumento per la misura dell\'intensità della corrente elettrica che percorre una sezione di un conduttore.', 3, ''),
(42, '2019-04-01 09:36:59', 'Contantore di corrente trifase', 'E', 41, 'Contatore di corrente trifase a 3 sistemi', '', 'Dispositivo a forma di parallelepipedo. Il contatore è coperto da un guscio di plastica trasparente e poggia su una base di plastica nera. Sulla parte frontale è visibile un\'etichetta informativa in metallo.', 'Veniva collegato alla rete elettrica e lasciato agire.', 1974, 2004, 'Misurare la potenza attiva e reattiva.', 5, ''),
(43, '2019-04-01 09:44:04', 'Amperometro monofase', 'E', 42, 'Amperometro monofase SEB AV5', '', 'Dispositivo a forma di parallelepipedo in plastica color lilla. Nella parte alta della facciata frontale presenta 4 manopole. Nella parte centrale della facciata frontale è situato il display analogico.', 'Si inserivano i morsetti negli appositi pin e il dispositivo misurava la corrente.', 1974, 2004, 'Strumento per la misura dell\'intensità della corrente elettrica che percorre una sezione di un conduttore.', 3, ''),
(44, '2019-04-01 10:00:29', 'Amperometro monofase', 'E', 43, 'Amperometro monofase EV LCA2', '', 'Dispositivo a forma di parallelepipedo in plastica color grigio e bianco. Nella parte alta della facciata frontale presenta 3 manopole. Nella parte centrale della facciata frontale è situato il display analogico.', 'Si inserivano i morsetti negli appositi pin e il dispositivo misurava la corrente.', 1974, 2004, 'Strumento per la misura dell\'intensità della corrente elettrica che percorre una sezione di un conduttore.', 3, ''),
(45, '2019-04-01 12:03:28', 'Radioricevitore didattico \"Superet\"', 'E', 44, 'Radioricevitore didattico \"Superet\"', '', 'Dispositivo che si presenta sotto forma di parallelelpipedo in acciaio grigio. Sulla parte alta è presente una maniglia adibita al trasporto. La facciata frontale mostra le connessioni e i vari componenti di utilizzo. Sono presenti varie manopole.', 'Si collegava alla rete elettrica e attraverso i vari componenti si poteva gestire il circuito all\'interno.', 1974, 2004, 'Simulare il funzionamento di una radio.', 3, ''),
(46, '2019-04-01 12:43:37', 'Megagciclimetro EP517A', 'E', 45, 'Megaciclimetro EP517A', '', 'Dispositivo a forma di parallelepipedo in metallo grigio. Presenta un display analogico, 2 manopole (selettori), 1 spia di segnalazione e 2 pin. Collegato ad un analizzatore di frequenza costituito da un display analogico e una manopola nel centro.', '**Incognito**', 1959, 1990, 'Individuare le frequenze?', 2, ''),
(47, '2019-04-02 11:31:31', 'Prova transistor', 'E', 46, 'Prova transistor PT 161', '', 'Dispositivo a forma di parallelepipedo in metallo color grigio e nero. La facciata frontale è occupata nella parte alta dal display analogico e nella parte inferiore da 4 manopole, un pulsante di attivazione e 3 morsetti.', 'Non lo so', 1974, 2004, 'Testare il funzionamento di un transistor.', 3, ''),
(48, '2019-03-25 12:07:54', 'Guidovia', 'S', 0, 'Guidovia', '', 'Sbarra in acciaio composta di due carrellini con ognuno dei pesi differenti', '', 1960, 2000, 'Prove di dinamica, moto, leggi di fisica, calcolare la quantità di moto', 4, ''),
(49, '2019-03-25 12:11:26', 'Calorimetro', 'S', 1, 'Calorimetro a cilindro', '', 'Apparecchiatura in acciaio con dei fori e un tubo in plastica', '', 1968, 2000, 'misurare il flusso di calore durante una trasformazione, come calori specifici, calori latenti di fusione/ebollizione e calori di reazione.', 3, ''),
(50, '2019-03-26 09:19:09', 'Calorimetro', 'S', 2, 'Calorimetro', '', 'Dispositivo utilizzato in calorimetria per misurare il flusso di calore durante una trasformazione, composto da un cilindro in vetro con coperchio in plastica', '', 1955, 1980, 'Misurazione flusso di calore ', 4, ''),
(51, '2019-03-26 09:49:01', 'Giradischi con dischi', 'S', 3, 'Registratore', '', 'Sistema di registrazione di riproduzione sonora inventato nella seconda metà del XIX secolo da Emile Berliner. A forma di scatola, all\'interno sono presenti due casse, un supporto per i dischi ', 'Si apriva la scatola, si inseriva il disco nel appostito supporto e si piazzava sopra la puntina', 1960, 2000, 'Prove di acustica', 3, 'Oltre al giradischi, troviamo una scatola portadischi'),
(52, '2019-03-26 10:12:42', 'Proiettore a nastro PHILIPS', 'S', 4, 'Proiettore a nastro', '', 'Proiettore per la visualizzazione di immagini e video composto da parte unica in plastica e metallo', '', 1958, 1995, 'Visualizzazione di immagini e video', 4, ''),
(53, '2019-03-26 10:57:41', 'Proiettore a nastro FUMEO', 'S', 5, 'Registratore video', '', 'Macchina che proietta, a intervalli regolari di alcuni centesimi di secondo, un fotogramma impresso su una pellicola cinematografica che viene fatta scorrere continuamente.', '', 1883, 1885, 'Proiezione di diapositive', 4, 'Pezzo unico senza componenti aggiuntivi'),
(54, '2019-03-26 11:21:36', 'Proiettore a nastro PHILIPS', 'S', 6, 'Proiettore a nastro', '', 'Proiettore per la visualizzazione di immagini e video composto da un unica parte in metallo', '', 1965, 1990, 'visualizzazione di immagini e video', 4, ''),
(55, '2019-03-26 11:34:31', 'Proiettore per diapositive DIDACTA', 'S', 7, 'Proiettore', '', 'Apparecchiatura per proiettare su uno schermo una serie di diapositive, composto da un\' unica parte in metallo.', '', 1960, 1980, 'Visualizzazione di una serie di diapositive', 4, ''),
(56, '2019-03-26 12:05:04', 'Proiettore per diapositive e cassette GOKO', 'S', 8, 'Videoproiettore', '', 'Apparecchiatura di plastica che serve per proiettare su uno schermo una serie di diapositive o cassette', 'Inserire la diapositiva o la cassetta e visualizzare la proiezione sullo schermo', 1955, 1990, 'Proiezione di diapositive o cassette di argomenti didattici vari', 3, ''),
(57, '2019-03-26 12:45:44', 'Proiettore per diapositive MALINVERNO', 'S', 9, 'Proiettore', '', 'Proiettore storico completo per diapositive, munito di un obiettivo aggiuntivo, composto da materiali metallici', '', 1960, 1980, 'Proiezione di cassette di argomenti  vari e didattici', 4, 'Proiettore funzionante in parte composto di tutte le parti necessarie'),
(58, '2019-03-26 13:02:43', 'Proiettore per diapositive DIDACTA', 'S', 10, 'Proiettore', '', 'Dispositivo per la visualizzazione in serie di diapositive, composto da un\'unica parte in metallo e una lente al centro.', '', 1955, 1980, 'Proiezione di diapositive o di cassette di argomenti vari e didattici', 3, 'Pezzo unico in buone condizioni'),
(59, '2019-03-27 09:06:23', 'Registratore a cassette PHILIPS', 'S', 11, 'Registratore', '', 'Registratore a forma rettangolare, sulla facciata principale compaiono tutti i tasti(eject, rewind, start, ecc), sulla facciata superiore il vano cassette. Tipo di registratore a nastro per la riproduzione e la registrazione delle musicassette.', 'Si inseriva la musicassetta nel vano, il nastro di conseguenza scorre su una testina che convertendo il segnale magnetico a quello elettrico darà origine al suono.', 1972, 1985, 'Ascoltare o registrare musicassette', 4, ''),
(60, '2019-03-27 11:32:02', 'Videoproiettore a nastro', 'S', 12, 'Proiettore', '', 'Videoproiettore per la visualizzazione di immagini o video attraverso nastro. Composto da un\'unica parte di color nero e grigio in plastica.', '', 1980, 2000, 'visualizzazione di immagini e video', 4, 'Azienda non reperibile in quanto non viene riportata sull\'oggetto, cercando su internet il tipo di modello possiamo ipotizzare come azienda la \"Irradio Astrosound Twen\".'),
(61, '2019-03-27 11:40:54', 'Proiettore per diapositive TECHNICOLOR', 'S', 13, 'Proiettore', '', 'Proiettore di forma rettangolare dotata di 3 piedini che fungono da supporto di rialzo. Sulla parte superiore troviamo i tasti on, off, focus, volume e sui lati ci sono fori di ventilazione', '', 1960, 1980, 'Proiettare su uno schermo una serie di diapositive', 3, ''),
(62, '2019-03-27 11:51:59', 'Macchina di Wimshurst', 'S', 16, 'Macchina elettrostatica', '', 'La macchina di Wimshurst è un generatore elettrostatico per generare alte tensioni. E\' composto da due dischi che girano in senso opposto e due sfere metalliche per la scarica  ', '', 1960, 0, 'Generare alte tensioni', 5, ''),
(63, '2019-03-27 12:05:06', 'Proiettore per diapositive ROLLEI', 'S', 14, 'Proiettore', '', 'Proiettore per la visualizzazione di diapositive in sequenza, composto da un\'unica parte, di due tonalità di grigio, in plastica e metallo.', '', 1960, 2000, 'visualizzazione diapositive', 4, ''),
(64, '2019-03-27 12:16:48', 'Proiettore a nastro BAUER', 'S', 15, 'Proiettore', '', 'Proiettore universale. Sia che si voglia proiettare film muti, otticosonori o magneticosonori. Ci sono dispositivi di sicurezza come interruttore generale con spia luminosa, doppia protezione contro cancellazione inavvertita del film, ecc...', 'Installare il proiettore e alzare il braccio portabobina, infilare la bobina vuota sull\'asse d\'avvolgimento, inserire la bobina del film sull\'asse.', 1977, 0, 'Proiettare film su nastro.', 4, 'Oltre al proiettore troviamo un film su nastro \"In nome della vita\"'),
(65, '2019-03-28 08:52:51', 'Bilancia di precisione PARAVIA', 'S', 18, 'Bilancia', '', 'Bilancia a forma di quadrato con gli spigoli in legno e le pareti in vetro. All\'interno ci sono due piatti che servono, appunto, per determinare la massa di un oggetto. Questa bilancia effettua le misure con metodo diretto.', 'Si confrontavano due masse diverse poste sui piattini.', 1944, 1960, 'Determinare la massa di un corpo.', 5, 'Pavaria è una casa editrice '),
(66, '2019-03-28 09:18:35', 'Bilancia analitica digitale O.M.R.A.', 'S', 17, 'Bilancia', '', 'Utilizza un elettromagnete per generare una forza in grado di compensare la forza peso del campione da misurare e inviano il risultato misurando la forza necessaria per raggiungere l\'equilibrio. Compresa di gabbietta anti vento.', 'Si apriva la gabbietta anti vento, si inseriva l\'oggetto, si chiudeva la gabbietta e si collegava alla presa. Questa con l\'aiuto del magnete determinava il peso dell\'oggetto. Sullo sfondo sta un dispositivo che indica il peso misurato', 1974, 1980, 'Determinare il peso o la massa di un corpo (liquido o solido) con un grado di accuratezza', 4, ''),
(67, '2019-03-28 09:47:25', 'Bilancia di precisione GALILEO', 'S', 20, 'Bilancia', '', 'Bilancia in metallo con la parete frontale in vetro. All\'interno sono presenti due piattini che servono a misurare i pesi. ', 'Si metteva in uno dei due piattini l\'oggetto da misurare e nell\'altro si mettevano degli oggetti i cui pesi si notavano fino a quando i due piattini si bilanciavano.', -1, -1, 'Determinare la massa o peso di un corpo.', 4, 'Donato da ITCA'),
(68, '2019-03-28 10:22:28', 'Centrifuga CONACOM', 'S', 19, 'Centrifuga', '', 'Centrifuga a forma di coppa, costruita in metallo. All\'interno un oggetto a forma di cilindro con 4 provettoni all\'interno dove si inserivano le provette. Per chiudere il tutto ci sta un coperchio in metallo.Sotto ci sta una rotella che regola i volt', 'Si inserivano le provette all\'interno dei provettoni, si chiudeva. I provettoni iniziavano a girare velocemente. Sulla base si settava il voltaggio.', 1942, 1970, 'Accelerare la separazione tra corpi aventi differente densità mediante l\'uso della forza centrifuga', 3, ''),
(69, '2019-03-28 10:39:02', 'Deionizzatore', 'S', 21, 'Deionizzatore', '', 'Di forma cilindrica, il deionizzatore consente di ottenere acqua deionizzata\ndi eccezionale purezza. Coperto da resina e alle due estremità sono presenti due attacchi.', 'Collegare i deionizzatori al rubinetto e aprirlo. L\'acqua passando all\'interno del deionizzatore verrà deionizzata', 1984, 0, 'Deionizzare e purificare l\'acqua, andando a togliere silice, CO2, sostanze organiche ed altre impurezze non ionizzabili.', 5, ''),
(70, '2019-03-28 11:36:41', ' Matraccio tarato', 'S', 22, 'Matraccio', '', 'Ampolla  in vetro, tara 1000ml. Usata come contenitore per sostanze chimiche', 'Versare la sostanza chimica all\'interno dell\'ampolla.', -1, -1, 'Contenitore per sostanze chimiche', 4, ''),
(71, '2019-03-28 11:52:56', 'Siringa graduata', 'S', 23, 'Siringa', '', 'Siringa graduata da 0 a 100 ml in vetro, utilizzato per iniettare sostanze chimiche e per effettuare prelievi di vare sostanze chimiche', '', -1, -1, 'Iniettare e prelevare sostanze chimiche', 4, ''),
(72, '2019-03-28 12:47:02', 'Becco di Bunsen', 'S', 24, 'Bruciatore di gas', '', 'Cilindro in metallo con una base circolare anch\'esso in mettallo. Composto da uno zoccolo con il tubo da cui giunge il combustibile gassoso e da un tubo verticale, all\'imboccatura del quale viene acceso il gas.', 'Il becco di Bunsen brucia un flusso continuo di gas senza rischio che la fiamma abbia un ritorno nel tubo e giunga fino alla bombola. In genere il bruciatore usa gas naturale. Il tubo verticale è forato in due punti per l\'accesso dell\'aria ed è ricoperto da un manicotto, anch\'esso munito di due buchi: ruotando il manicotto si può regolare quanto i suoi buchi coincidano con quelli del tubo. In questo modo è possibile avere una maggiore o minore quantità di aria aspirata per effetto Venturi e quindi ottenere una fiamma di diversa natura, ossidante (colore blu) o riducente (colore arancio). La portata del gas è regolata invece da un\'apposita vite.', -1, -1, ' Bruciatore a gas usato in chimica', 3, ''),
(73, '2019-03-28 12:59:13', 'Buretta', 'S', 25, 'Buretta', '', 'strumento di misura utilizzato nei laboratori chimici per il dosaggio accurato di volumi dei liquidi. Viene utilizzata di solito nelle titolazioni ed in prove sperimentali, nelle quali sia necessario dosare un liquido.', '', -1, -1, 'dosaggio di volumi di liquidi', 5, ''),
(74, '2019-03-28 13:09:56', 'Pipetta', 'S', 26, 'Pipetta', '', 'Strumento da laboratorio mediante il quale è possibile prelevare quantità definite o non definite di un liquido. Composto da un tubo di vetro plastificato', '', -1, -1, 'Prelevare liquidi', 5, ''),
(75, '2019-03-29 09:13:03', 'Minerale di bauxite', 'S', 27, 'Bauxite', '', 'roccia sedimentaria che costituisce la principale fonte per la produzione dell\'alluminio.', '', 1936, 1972, 'Produzione di alluminio ', 5, 'Proveniente dalla miniera Montecatini di San Giovanni Rotondo, in attività dal 1936 al 1972. '),
(76, '2019-03-29 11:55:08', 'Trasparenti per lavagna luminosa \"LA FRANCE\"', 'S', 28, 'Trasparenti per lavagna luminosa', '', 'Trasparenti in plastica usati per scopo didattico applicandoli su lavagne luminose', '', -1, -1, 'Didattico', 4, ''),
(77, '2019-03-29 12:01:59', 'Trasparenti per lavagna luminosa', 'S', 29, 'Trasparenti per lavagna luminosa', '', 'Trasparenti per uso didattico applicati su lavagna luminosa', '', -1, -1, 'didattico', 5, ''),
(78, '2023-03-01 12:11:03', 'Commodore 16', 'I', 0, 'Computer', '', 'Uno dei primi computer domestici (home-computer), milioni di volte meno potente dei computer odierni! Aveva una memoria di pochi kilobyte, ma riusciva ugualmente a soddisfare i bisogni di bambini e uomini che avevano bisogno di giocare e lavorare', 'Collegato all\'alimentazione e a un monitor, veniva acceso tramite il pulsante \"POWER\" e tutto ciò che elaborava veniva visualizzato a schermo', 1984, 1995, 'Veniva usato per giocare (giochi a 8 bit, tipo \"Paperboy\" o i primi \"Donkey Kong\") e lavorare. Perlopiù però i programmi che vi erano eseguiti erano CLI (Command Line Interface), cioè completamente testuali!', 5, ''),
(79, '2019-03-25 12:48:37', 'Calcolatrice TI-58', 'I', 8, 'Calcolatrice', '', 'Calcolatrice programmabile (funzionava come un piccolo computer). Si poteva espandere la sua memoria inserendo una tessera magnetica al suo interno. Rientrava nell\'elite delle calcolatrici, costava infatti 300$! Ci si poteva collegare una stampante.', 'La calcolatrice TI-58 presenta le funzioni basilari di una calcolatrice e tante funzioni matematiche avanzate (trigonometria, logaritmi...). Collegandola al computer era possibile programmarla', 1977, 1983, 'La calcolatrice poteva essere programmata per richiedere un input all\'utente,e poi elaborarlo. Può anche mostrare grafici di funzioni, eseguire comandi memorizzati nelle apposite schede e usare variabili salvate sulle schede magnetiche.', 3, 'La calcolatrice è completa di libri illustrativi, manuali e alimentatore. Manca il coperchio sul retro, che proteggeva le batterie.'),
(80, '2019-03-26 10:51:14', 'Computer VICTOR-9000 con tastiera', 'I', 1, 'Computer e tastiera', '', 'Era un personal computer di fascia alta, dotato di tastiera meccanica, vi ci veniva eseguito il sistema operativo MS-DOS (il \"vecchio\" windows, solo a linea di comando). Era un computer usato in azienda, in quanto molto potente (per gli standard dell\'epoca).', 'La tastiera veniva collegata al PC mediante un attacco di tipo connettore modulare 8P8C (quello che si usa oggi per collegarsi a Internet)', 1982, 1992, 'Navigare attraverso file, elaborare dati (tutto attraverso una linea di comando monocromatica, verde).', 5, ''),
(81, '2019-03-26 10:06:28', 'NOKIA - NK610', 'I', 16, 'Telefono cellulare', '', 'Questo telefono poteva mostrare due righe di testo per volta, su un display monocromatico. Non poteva inviare neanche gli SMS!', 'Si usava con una SIM Card delle dimensioni di una carta di credito, e usava un\'antenna rigida esterna per comunicare', 1996, 2000, 'Poteva essere usato unicamente per telefonare.', 3, ''),
(82, '2019-03-26 10:20:18', 'SIEMENS AL-21', 'I', 17, 'Telefono cellulare', '', 'Aveva un display LCD multicromatico, la tastiera veniva mostrata alzando il display. Permetteva di effettuare chiamate, inviare messaggi, effettuare calcoli, impostare sveglie ed eventi e anche una primitiva navigazione su internet.', 'Si interagiva attraverso i tasti direzionali e di invio presenti sul fronte del telefono e, sollevandolo, si poteva usare il tastierino numerico (compreso di lettere).', 2006, 2012, 'Chiamare, inviare messaggi, navigare su internet, impostare sveglie ed eventi, effettuare calcoli.', 5, ''),
(83, '2019-03-25 12:07:37', 'Stampante ad aghi EPSON LX-800', 'I', 4, 'Stampante', '', 'Permette la stampa su carta tramite degli aghi impregnati di inchiostro.', 'Veniva collegata a un computer tramite un cavo seriale per renderlo effettivamente operativa.', 1985, -1, 'Stampare su carta del materiale (esempio documenti o più copie di uno stesso documento)', 4, ''),
(84, '2019-03-26 12:16:41', 'Floppy Disk', 'I', 15, 'Disco memoria portatile', 'Floppy', 'Disco di memoria portatile in cui venivano memorizzati dati, solitamente non superavano i 2,88 MB di capienza, attualmente obsoleto ma all\'epoca erano molto usati e rinomati. ', 'Veniva inserito nell\'apposita fessura del computer, che ne permetteva la lettura e la scrittura.', 1967, 2007, 'Trasportare materiale digitale ', 5, ''),
(85, '2019-03-26 12:51:30', 'Telefono fisso FATME', 'I', 18, 'Telefono fisso', '', 'Questo telefono fisso veniva usato nelle case', 'Il numero veniva composto mediante un disco: ogni cifra del numero da chiamare veniva portato all\'estremità del disco che presenta il bloccaggio', 1960, 1990, 'Chiamare', 3, 'Il disco in plastica è parzialmente rotto'),
(86, '2019-03-26 12:56:25', 'Canon VP 1000', 'I', 13, 'Macchina da scrivere digitale', '', 'Una delle prime macchine da scrivere digitali, con vari attacchi per la tastiera, stampante e il tastierino direzionale, con schermo monocromatico e una fessura per inserire eventuali floppy disk da 3\'\'1/2 o 4\'\'', 'Dopo aver deciso la modalità di inserimento tramite il tastierino puoi incominciare a scrivere tramite l\'uso della tastiera e successivamente salvare i dati su un Floppy Disk o stamparlo tramite la stampante', 1987, 1992, 'Semplicemente una macchina da scrivere digitale che ti permetteva di salvare il contenuto su una memoria esterna (es Floppy Disk) e/o stamparlo tramite il dispositivo collegato ', 3, 'Manca la tastiera originale e la stampante originale'),
(87, '2019-03-27 10:06:05', 'PHILIPS CD 645', 'I', 21, 'telefono fisso', '', 'Telefono cordless domestico con possibilità di registrare le chiamate ', 'Attraverso i tasti presenti sulla base si poteva riprodurre la segreteria e si potevano registrare chiamate. Con il tastierino numerico e i tasti direzionali presenti sul telefono si poteva comporre il numero e chiamarlo', 2007, 0, 'Chiamare e registrare chiamate.', 4, ''),
(88, '2019-03-27 10:37:54', 'Telefono fisso Sip Telecom', 'I', 20, 'Telefono fisso Sip Telecom', 'Sirio', 'Il telefono Sirio è un telefono a tasti prodotto da Brondi e FATME per la SIP dal 1990. Fu il primo telefono fisso in Italia predisposto alla selezione del numero con toni DTMF ed è stato il primo della serie ad essere dotato di presa RJ-11.', 'Il Sirio oltre ai normali tasti per le dieci cifre aveva:\ni tasti * e # utili per per servizi aggiuntivi, il tasto di richiamata dell\'ultimo numero composto RP e il tasto di mesa in attesa R.', 1990, 2000, 'Chiamare', 2, 'Il telefono fisso della Sip venne disegnato da Giugiaro Design nel 1987. \nSul retro dell\'apparecchio erano presenti due commutatori:\nil selettore del tipo di selezione e il selettore del volume della suoneria.'),
(89, '2019-03-27 10:55:53', 'TELECOM BIG ANGEL', 'I', 22, 'Telefono fisso', 'Big Angel', '\nTelefono cordless che, oltre alle funzionalità base, offriva un servizio di assistenza 24 ore su 24, che provvedeva ad avvisare un familiare, un parente, un vicino o un servizio di pubblica emergenza.', 'Veniva utilizzato come un telefono normale; per avviare la chiamata d\'emergenza bastava premere uno dei due tasti presenti sulla base.', 2005, 2010, 'Chiamare e funzionalità d\'assistenza ed emergenza', 5, ''),
(90, '2019-03-28 08:57:59', 'Philips DECT1211S/08', 'I', 23, 'Telefono cordless', 'DECT 121', 'Il DECT 121 è un telefono elegante che sfrutta una tecnologia di facile utilizzo, grazie alla qualità dell\'audio Crystal Clear vengono eliminati interferenze e ronzii.', 'Chiamata', 2005, -1, '', 5, 'Il display a cristalli liquidi permette la visualizzazione del numero di telefono e riporta le informazioni relative al chiamante. \nPer trovare il ricevitore è sufficiente chiamarlo dalla base premendo il tasto dedicato su di essa.\n'),
(91, '2019-03-28 10:33:40', 'Telefono PHILIPS DECT-221', 'I', 19, 'Telefono fisso', '', 'Telefono fisso cordless della categoria DECT-x21 della philips. Grazie alla tecnologia Crystal Clear, era in grado di eliminare ronzii e rumori di sottofondo. Aveva un display più grande rispetto agli altri della stessa serie. ', 'Comporre i numeri da chiamare attraverso il tastierino numerico e usare i tasti direzionali per muoversi attraverso i menu.', 2006, 0, 'Chiamare', 3, 'Superappiccicoso, fare attenzione.'),
(92, '2019-03-28 11:13:24', 'Stampante IBM Proprinter XL-24', 'I', 5, 'Stampante', '', 'La Proprinter XL-24 è una versione a carrello largo della Proprinter X-24. Entrambe sono stampanti a matrice di punti, a 24 fili, con capacità grafiche di alta risoluzione ed elevata velocità di stampa.', 'Il foglio veniva inserito attraverso l\'apposito vano, quindi veniva fatto scivolare sul rullo tramite l\'apposita manopola laterale. Dal computer infine viene inviato il segnale che codifica il disegno.', 1987, 2000, 'Stampa su fogli di diverse dimensioni, fino a formato A2.', 4, 'Copri-vano del foglio spaccato. NOTA: Si potrebbe fare un exhibit che spiega il funzionamento delle varie stampanti differenziando il metodo ad aghi dal metodo a matrice di punti. Peso non accurato.'),
(93, '2019-03-28 11:40:17', 'D-41453 Neuss', 'I', 14, 'Schermo per proiettore di diapositive', '6100.0', 'Questo proiettore può avere due lampade interne, viene fornito con una sola lampada installata e con l\'altra presa della lampada vuota.', '', -1, -1, '', 2, ''),
(94, '2019-03-28 11:50:39', 'Sony Ericsson T230', 'I', 24, 'Telefono cellulare', '', 'Telefono cellulare costruito dalla Sony per essere resistente agli urti. Non aveva fotocamere, però poteva connettersi a Internet e inviare SMS ed e-mail, oltre che a chiamare. Funzioni di gestione base del tempo (calendario, sveglia).', 'Navigazione tramite i tasti direzionali, composizione di numeri e testo tramite il tastierino numerico.', 2003, 2008, 'Chiamare, inviare SMS, MMS, EMS, e-mail. Impostare sveglie ed eventi sul calendario. Rubrica.', 4, ''),
(95, '2019-03-28 12:11:09', 'Panasonic GD 92', 'I', 25, 'Telefono', '', 'Il Panasonic GD92 si contraddistingue dagli altri per la peculiarità del tasto centrale cromato, possiede una batteria a litio da 650mAhn, ed ha un deisgn molto robusto ma leggero.', '', 2006, -1, '', 5, 'Questo modello inizia ad implementare nuove funzioni come il sistema di scrittura intuitivo T9, la funzione di MEMO vocale, l\'accesso alla casella e-mail ed la funzione Viva Voce.'),
(96, '2019-03-29 10:20:26', 'Set per PC IBM 8580-041', 'I', 2, 'PC, monitor, mouse, tastiera', '', 'È un tower computer completo di mouse, monitor e tastiera.\nVeniva usato negli ambienti commerciali e in quelli che necessitavano di alta potenza di calcolo. Nonostante l\'alta potenza, si poteva ampliare con processori matematici e altre memorie.', 'Il monitor viene collegato al PC mediante un attacco integrato seriale. Tastiera e mouse mediante i PS2. Il sistema operativo (IBM-PC DOS, una versione proprietaria di MS-DOS) era a linea di comando.', 1987, 2000, 'Elaborare dati in grosse quantità (anche grazie a un processore matematico che si poteva aggiungere)', 4, 'Mancano i banchi di RAM'),
(97, '2019-03-29 10:38:45', 'Stampante IBM 2391 plus', 'I', 6, 'Stampante', '', 'Stampante ad aghi avente una console che permette di preimpostare la formattazione del testo da stampare.', '', -1, -1, 'Stampare', 4, ''),
(98, '2019-03-29 11:22:16', 'Kit PC IBM PS/2 30 286', 'I', 3, 'Computer, Monitor, Tastiera, Mouse', '', 'Questo PC è stato costruito dalla IBM per riaffermarsi padrona del mercato tecnologico, introducendo tecnologie avanzate come l\'architettura Micro Channel (proprietaria), le nuove interfacce per tastiera e mouse PS/2 e lo standard VGA.', 'Il SO era a IBM - PC DOS, versione brandizzata di MS - DOS, quindi era a riga di comando.', 1987, 2000, 'Utilizzo domestico', 5, 'Kit perfettamente funzionante. Bisogna ancora capire cosa c\'è dentro. Può usare i floppy disk da 3.5 o da 5.25.'),
(99, '2019-03-29 11:31:52', 'Tastiera Mitsumi KPQ-E99ZC', 'I', 26, 'Tastiera layout Italiano', 'Tastiera', 'È una delle prime tastiere che presenta dei tasti con il logo di Windows, contiene sul retro una targhetta che indica la compatibilità con il noto sistema operativo. È caratterizzata da un layout (schema dei tasti) italiano.', 'Rispondeva a svariati comandi in base al tasto pigiato. Veniva collegato a un computer tramite il connettore DIN-5', 1995, 2005, 'Serviva per controllare o scrivere sul computer a cui era collegata.', 4, 'Chi legge è gay'),
(100, '2019-03-29 11:46:07', 'Collana testi \"INPUT\"', 'I', 27, 'Collana di libri', '', 'Questi volumi sono il raccoglimento di 52 riviste sulla programmazione. Essi spiegano come imparare a programmare \"per lavorare e divertirsi con il computer\".', '', 1984, 1985, 'Viene illustrata la programmazione in BASIC e linguaggio macchina, la gestione delle periferiche e viene accompagnato il lettore con esempi nella creazione di un applicazione (rubrica) e numerosi giochi.', 4, 'Le misure si riferiscono a un singolo volume'),
(101, '2019-03-29 12:56:50', 'Kit Computer Atari', 'I', 4, 'Kit completo di monitor, case, tastiera e mouse', 'PC', 'Sono più pezzi compatibili tra loro che combinati formano un PC, ovvero un monitor a colori, una tastiera con un layout simile a quello italiano, un mouse analogico a due tasti e un case che è il vero e proprio computer.', 'Una volta collegati case e monitor alla corrente tramite uno spinotto unico si possono attivare, grazie alle periferiche mouse e tastiera possiamo eseguire e comandare il computer', 1988, 2000, 'Veniva generalmente usato a scopo domestico o in ambito lavorativo in ufficio.', 5, ''),
(102, '2019-04-01 11:12:31', 'Macchina da scrivere Olivetti', 'I', 28, 'Macchina da Scrivere digitale', '', 'Una delle prime macchine da scrivere digitale erroneamente lo scambiato per un computer, date le caratteristiche tecniche e funzionali simili.', 'Veniva collegata a un monitor e tramite i tasti della tastiera incorporata potevi eseguire comandi', 1982, 1995, 'Veniva usata per scrivere e memorizzare sui floppy disk, ma anche per compilare semplici programmi come per esempio uno per il calcolo della busta paga', 4, '');
INSERT INTO `repertinuova` (`codassoluto`, `datacatalogazione`, `nome`, `sezione`, `codrelativo`, `definizione`, `denominazionestorica`, `descrizione`, `modouso`, `annoiniziouso`, `annofineuso`, `scopo`, `stato`, `osservazioni`) VALUES
(103, '2019-04-01 11:37:28', 'Calcolatrice ADDO-X con carta', 'I', 9, 'Calcolatrice con carta', '', 'Calcolatrice con carta, permette di effettuare le operazioni fondamentali. Ha una memoria di bilanciamento.', 'I calcoli venivano usati attraverso la pressione dei tasti, che imprime il calcolo sulla carta. Il rullino è sostituibile, si può scorrere attraverso la manopola laterale', 1961, 1980, 'Effettuare calcoli elementari', 4, ''),
(104, '2019-04-02 11:01:03', 'Calcolatrice Remington 77', 'I', 10, 'calcolatrice', '', 'La prima calcolatrice che forniva il risultato senza dover imprimere colpi a vuoto con la manovella. Scriveva sul rullo di carta i calcoli, differenziando per colore operazioni, input e risultato. Permetteva somme consecutive.', 'Digitare attraverso i tasti il calcolo desiderato. Attraverso l\'apposito tasto si potevano cancellare cifre erroneamente inserite.', 1965, 1980, 'Sommare, sottrarre, dividere, moltiplicare, calcolare sconti e maggiorazioni.', 4, 'Carta mancante '),
(105, '2019-03-25 12:34:11', 'Micrometro', 'M', 0, 'Micrometro', '', 'Calibro ad alta precisione, con sensibilità del cinquantesimo di millimetro', '', 1975, 2005, 'Misurazione', 3, ''),
(106, '2019-03-25 12:34:25', 'Set filettatura', 'M', 2, 'Set strumenti per filettature', '', 'Maschi , filiere e porta filiere per filettature di fori ', 'Il maschio va inserito nella filiera, che a sua volta va inserita nel porta-filiere ', 1975, 2005, 'Filettature', 4, ''),
(107, '2019-03-26 11:04:25', 'Calibri fissi per fori', 'M', 3, 'Set di tamponi passa non-passa', '', 'Tamponi in grado di misurare e analizzare fori.', 'I calibri in questione vengono inseriti direttamente nei fori da \"misurare\", proprio come dei tamponi. Quelli \"passa\" consentono di verificare il corretto avvitamento, ma non tiene conto del diametro medio effettivo prendendo proprio in considerazione il profilo della filettatura completo; quelli \"non passa\", invece, consentono il controllo effettivo del diametro medio riducendo l’influenza di eventuali errori sulla filettatura stessa.', 1975, 2004, 'Eseguire un controllo completo del profilo della filettatura interna, includendo quindi anche eventuali errori di angolo e di passo, diametri interni ed esterni, ed inoltre eventuali ammaccature e imperfezioni.', 3, ''),
(108, '2019-03-26 11:04:06', 'Calibri fissi per alberi', 'M', 4, 'Set di anelli passa non-passa', '', 'Anelli in grado di misurare e analizzare alberi.', 'I calibri in questione, vengono utilizzati, come per le filettature interne, per un controllo completo della filettatura esterna. Gli anelli \"passa\" hanno un diametro al massimo della tolleranza della vite e il profilo della filettatura completo; gli anelli \"non passa\", invece, hanno un diametro medio al minimo della tolleranza della vite e diametro di nocciolo troncato e scaricato sul diametro esterno.', 1975, 2004, 'Eseguire un controllo completo del profilo della filettatura esterna.', 4, ''),
(109, '2019-03-26 11:03:56', 'Calibro', 'M', 5, 'Calibro per misurazione di lunghezze', '', ' strumento di misura della lunghezza, adatto a misurare la larghezza di un oggetto, la distanza tra due facce piane in una concavità, la profondità di un solco o foro filettato o non.', 'Si interpone l\'oggetto da misurare tra le due coppie di appendici (becchi) per poi leggerne la misura effettiva sul lato tarato.', 1975, 2015, 'Misurazione precisa di lunghezza e diametri', 5, ''),
(110, '2019-03-26 11:04:35', 'Righelli metrici', 'M', 6, 'Righelli per la misurazione di lunghezze', '', '2 righelli millimetrati e 1 sia millimetrato sia in pollici', 'Si accosta all\'oggetto di cui si vuole effettuare la misurazione.', 1975, 2005, 'Effettuare misure di lunghezza.', 5, ''),
(111, '2019-03-26 11:57:42', 'Rilevatore di planarità', 'M', 1, 'Comparatore', 'Rilevatore di planarità', 'È composto da un\'asta principale, posizionata su un pesante blocco di metallo, a cui viene attaccato un braccio, che serve a rilevare la presenza di prominenze', 'L\'asta principale va fissata all\'oggetto da controllare e il braccio viene posizionato sulla superficie. Quindi, questa viene fatta scivolare sotto il braccio che, se rileva protuberanze, ne impedirà il passaggio.', 1975, 2004, 'Serve a capire se una superificie sia perfettamente piana/liscia o meno.', 4, ''),
(112, '2019-03-26 12:17:14', 'Truschino', 'M', 9, 'Strumento di misura', 'Calibro per altezze', 'Strumento di misura utilizzato per misurare l\'altezza di una superficie rispetto ad un piano di riferimento', 'La misura si effettua seguendo queste operazioni:\n\nsi poggia l\'oggetto con quota da misurare sul piano di riferimento;\nsi porta la punta in una posizione appena superiore alla quota da misurare;\nsi blocca la sezione del corsoio sprovvista di nonio (quella non collegata direttamente alla punta);\nsi fa scorrere il truschino sul piano di riferimento, fino a portare punta sopra la superficie dell\'oggetto;\nagendo sulla vite micrometrica, si muove la sezione provvista di punta a battuta sulla superficie della quota da misurare;\nsi blocca anche quest\'ultima sezione;\nsi effettua la lettura sull\'asta e sul nonio.', 1975, 2004, 'Misurazione dell\'altezza di una superficie', 4, ''),
(113, '2019-03-26 12:17:25', 'Tracciatori a punta', 'M', 8, 'Oggetti per effettuare tracciature', '', 'Tre compassi  e una punta a tracciare, tutti e quattro per la tracciatura a punta (a mano).', 'Si riportano su un pezzo (grezzo o semilavorato) delle linee d\'incisione che circoscrivono il pezzo una volta finito. ', 1975, 2004, 'Lo scopo dell\'operazione di tracciatura è quello di mettere in evidenza le parti ancora da asportare, nonché assicurarsi che il pezzo grezzo abbia dimensioni sufficienti per realizzare la forma finita.', 4, ''),
(114, '2019-03-26 12:17:35', 'Guardapiani', 'M', 7, 'Guardapiano, strumento di controllo.', '', 'Strumenti usati nelle operazioni di tracciatura per controllare la planarità delle superfici.', 'Il suo spigolo viene poggiato sulla superficie da controllare: l’entità delle fessure, valutate a occhio, in base alla luce passante attraverso le fessure stesse, dà indicazioni sulla planarità delle superfici che vengono esaminate', 1975, 2004, 'Verificare e testare la planarità delle superfici.', 5, ''),
(115, '2019-03-26 12:57:58', 'Morsetto verticale', 'M', 10, 'Morsetto', 'Strettoio', 'Un attrezzo che svolge la funzione di serraggio, temporaneo o permanente, tra due o più pezzi.', 'Il pezzo o i pezzi da serrare vengono posti tra la ganascia fissa e quella dello spingente, il quale spinge il pezzo stringendolo tra le ganasce. ', 1975, 2004, 'Tenere provvisoriamente compressi uno contro l\'altro due pezzi che si devono incollare o avvitare.', 4, ''),
(116, '2019-03-26 12:59:37', 'Morsetto a mano', 'M', 11, 'Morsetta', '', 'Un utensile meccanico a vite usato per serrare e trattenere i pezzi in lavorazione', 'La vite muove una ganascia mobile che stringe il pezzo contro una simmetrica ganascia fissa.', 1975, 2004, 'Aggiustaggio, filettatura, segatura, fresatura, saldatura, montaggio di altri elementi, anche incollaggio.', 4, ''),
(117, '2019-03-26 13:10:33', 'Chiavi a T', 'M', 12, 'Chiavi di manovra', '', 'Chiave con lunga impugnatura e asta di manovra disposta a T rispetto all\'impugnatura, termina con una bussola spesso snodata.', 'Si fissa la bussola della chiave alla vite in questione e, successivamente, si svita o avvita la vite.', 1975, 2005, 'Avvitare o svitare una vite.', 4, ''),
(118, '2019-03-27 08:48:22', 'Chiavi inglesi', 'M', 13, 'Chiave a forchetta semplice', '', 'Chiave con una le estremità a forma di U che forma una apertura a lati paralleli. ', 'Si fissa la chiave sul dado o bullone, e si gira eseguendo un\'operazione di avvitamento o di svitamento.', 1975, 2004, 'Avvitare o svitare un bullone o un dado.', 4, ''),
(119, '2019-03-27 09:04:33', 'Chiavi a pipa', 'M', 15, 'Chiave a pipa', '', 'Chiave a tubo ripiegata a 90° e con ambo le estremità di forma esagonale o poligonale della stessa misura.', 'Si fissa l\'estremità al dado o al bullone e si ruota con l\'ausilio di una barretta di acciaio infilata nell\'apposito occhiello.', 1975, 2004, 'Avvitare e svitare dadi o bulloni', 4, ''),
(120, '2019-03-27 09:06:22', 'Chiavi esagonali', 'M', 14, 'Chiave di manovra', 'Chiavi \"ad anello\" o \"chiuse\"', 'Chiavi con estremità ad anello. L\'interno dell\'anello è di forma esagonale, la torsione è esercitata sull\'intera faccia dei dadi e bulloni.', 'Si inserisce il dado o il bullone in questione nell\'estremità esagonale della chiave per poi eseguire le operazioni di avvitamento o svitamento.', 1975, 2004, 'Avvitare o svitare un dado o un bullone.', 4, 'È preferibile la versione che esercita la forza torcente su tutte le facce anziché su due, perché permette di trasmettere maggior coppia e di preservare gli spigoli della bulloneria.'),
(121, '2019-03-27 09:25:23', 'Chiavi a brugola', 'M', 17, 'Chiavi di manovra', '', ' Un tipo di chiave a forma di \"L\" caratterizzata da una sezione esagonale. Viene usata per allentare o serrare viti a testa cava esagonale, comunemente chiamate viti a brugola.', 'Si inserisce la chiave nella testa della vite a brugola e si avvita.', 1975, 2004, 'Avvitare o svitare viti a brugola.', 4, 'Il termine brugola, deriva da Egidio Brugola, fondatore delle Officine Egidio Brugola di Lissone che nel 1926 cominciarono a commercializzare le brugole prodotte in Italia.\nIl termine brugola, deriva dal nome del fondatore dell\'officina che cominciò a commercializzare le chiavi a brugola in Italia, cioè Egidio Brugola.'),
(122, '2019-03-27 09:27:05', 'Chiavi per torni a denti', 'M', 16, 'Chiave speciale', 'Chiave a dente o a gancio o a settore', 'Chiave a forma di semicerchio con un dente finale, alcune sono snodate al centro del semicerchio in modo da poter operare su più misure, per stringere o allentare le ghiere.', 'Si aggancia l\'estremità della chiave sulla ghiera da svitare o avvitare e si effettuano le appena citate operazioni girando in senso orario o antiorario.', 1975, 2004, 'Stringere o allentare le ghiere.', 4, ''),
(123, '2019-03-27 10:16:26', 'Punte di trapano', 'M', 19, 'Punte di trapano', '', 'Utensile appuntito, di forma simile ad una Vite di Archimede, da inserire nel mandrino del trapano per eseguire fori.', 'Si inserisce nel mandrino di un trapano.', 1975, 2004, 'Facilitare l\'utilizzo del trapano in questione per eseguire particolari fori di particolari dimensioni.', 4, 'In entrambi i set mancano alcune punte in alcuni buchi del set.'),
(124, '2019-03-27 10:32:15', 'Lime', 'M', 20, 'Lime di vari tipi', '', 'Attrezzo manuale che si utilizza in aggiustaggio, in falegnameria, in carpenteria, per levigare e smussare oggetti in legno o in metallo.', 'Si afferra con una mano l\'impugnatura e appoggiando il palmo della mano, o le dita se la lima è stretta, sull\'altra estremità. La pressione che si esercita sulla lima non deve essere elevata, e comunque crescente sino a metà corsa della corsa di lavoro, decrescente poi, e nulla nella corsa di ritorno.', 1975, 2004, 'Levigare o smussare oggetti in legno o in metallo.', 4, 'Le lime possono essere di tipi diversi: \n-lima a dentatura grossa, tradizionalmente chiamata lima ”bastarda”;\n-lima a taglio intermedio, tradizionalmente chiamata lima “mezza dolce”;\n-lima a taglio più fine, tradizionalmente chiamata “dolce”.'),
(125, '2019-03-27 11:06:15', 'Alesatori', 'M', 21, 'Alesatori di vario tipo', '', 'Gli alesatori degli utensili di forma cilindrica, formate da una serie di lame taglienti diritte o elicoidali lungo la lunghezza del corpo cilindrico. Sono degli utensili per allargare fori.', 'Può essere usata manualmente o inserita nelle macchine fresatrici.', 1975, 2004, '', 3, 'In realtà, questo strumento andrebbe chiamato alesatoio, mentre alesatore sarebbe l\'operatore che effettua operazioni di alesatura.'),
(126, '2019-03-27 11:09:58', 'Martelli', 'M', 18, 'Martelli', '', 'Ha una massa che non supera il chilogrammo.\nÈ costituito dal manico e da una massa che ha due estremità:bocca o testa(estremità per battere)e penna(destinata ad operazioni complementari)', 'Viene preso dal manico.Viene battuto con la testa su un qualsiasi materiale.Viene utilizzato con la penna per estrarre il chiodo, lisciare, ecc.', 1975, 2004, 'E un attrezzo usato per battere colpi direttamente su un materiale di qualunque sostanza', 2, ''),
(127, '2019-03-27 11:55:43', 'Utensili per filettatura al tornio', 'M', 22, 'Utensili per filettatura al tornio', '', 'Gli utensili per filettare generalmente sono fatti di acciaio super-rapido o metallo duro sinterizzato. Utensili ad inserto grazie ai quali viene prodotto tutto il profilo del tornio e viene eliminata la finitura finale della cresta.', 'La tornitura viene definita da un moto rotatorio del pezzo e un moto per lo più rettilineo dell\'utensile (nella fresatura e nella foratura l\'utensile possiede invece un moto rotatorio). Il tagliente dell\'utensile penetra nel materiale del pezzo e ne stacca la parte in eccesso (sovrametallo) formando così un truciolo. La macchina utensile usata per la tornitura è il tornio.', 1975, 2004, 'Rimuovere la parte in eccesso del pezzo da lavorare (che può essere in metallo, in legno o in pietra) in questione mediante l\'utilizzo del tornio che, a sua volta, si serve degli utensili per la tornitura in questione.', 3, ''),
(128, '2019-03-27 12:18:48', 'Set mandrini per tornio/trapano', 'M', 23, 'Dispositivi meccanici', '', 'Il mandrino è un dispositivo meccanico, installato su una macchina utensile  il quale permette di serrare e tenere fermo qualsiasi pezzo in lavorazione.', 'Il serraggio avviene a mezzo di apposite chiavi a sezione quadrata, che agiscono su organi preposti allo spostamento radiale delle griffe.', 1975, 2004, 'Eseguire  un certo tipo di lavorazione su un pezzo o un utensile.', 4, ''),
(129, '2019-03-28 09:02:55', 'Contropunte per tornio', 'M', 24, 'Contropunte rotanti per tornio', '', 'Le contropunte rotanti sono progettate per l’alloggiamento di cuscinetti radiali ed assiali di alta qualità su sedi rettificate e si differenziano in 3 tipologie di grandezza con diametro esterno 32, 43 e 58, per il carico da supportare.', 'Sono progettate con compensazione assiale grazie all’alloggiamento di una serie di molle a tazza montate all’interno del corpo contropunta. Questa compensazione le rende adatte, oltre all’utilizzo standard sulla contropunta, ad essere montate su supporti statici come per esempio il contro-mandrino del tornio o una seconda torretta del tornio.', 1985, 2004, 'Hanno la funzione di sorreggere eventualmente il pezzo in lavorazione al tornio (se trattasi di oggetto lungo) o di permettere l\'esecuzione di fori assiali.', 4, 'I modelli 172300, 172400 e 172600 sono tutti dotati di cuspide intercambiabile per facilitare il cambio della punta in caso di usura e in caso di lavorazioni di particolari diversi. Possono essere fornite con attacco cono morse, attacco cilindrico metrico e in pollici e attacco Vdi.'),
(130, '2019-03-28 09:24:58', 'Mole', 'M', 25, 'Mole di vario materiale, uso e diametro', '', 'Ruota in materiale abrasivo impiegata nelle macchine utensili, che facendola girare ad alta velocità, molare, tagliare, sbavare o affilare altri oggetti.', 'Si unisce alla macchina, cioè la smerigliatrice, si fa girare, e si lavora l\'oggetto desiderato.', 1975, 2004, 'Molare, tagliare, sbavare o affilare altri oggetti.', 4, ''),
(131, '2019-03-28 10:09:23', 'Ruote dentate', 'M', 26, 'Ruote dentate, componenti di eventuali ingranaggi', '', 'Il profilo dei denti di una ruota dentata a base circolare più impiegato per semplicità di lavorazione è a evolvente di cerchio: tale soluzione minimizza usura, vibrazioni e rumore e massimizza il rendimento dell\'ingranaggio.', 'I denti delle ruote dentate si incastrano tra di loro per formare un ingranaggio. A seconda dei vari tipi di ruote dentate (ruote cilindriche a denti dritti, a denti elicodiali ecc.) il modo di incastramento varia.', 1975, 2004, 'Trasmettere un moto tra assi paralleli per la creazione di ingranaggi.', 3, ''),
(132, '2019-03-28 11:00:24', 'Godrone', 'M', 27, 'Utensile per godronatura.', '', 'Utensile utilizzato per la godronatura.\nÈ formato da:\n-stelo, che sostiene una o due rotelline;\n-ruote, sulle quali sono incisi sottili solchi.', 'Viene utilizzata al tornio.', 1975, 2004, 'Incisione di una parte della superficie metallica di un oggetto.', 3, 'Il godrone è l\'unico utensile per tornio che non asporta truciolo, facendo solo delle incisioni sull\'oggetto in lavorazione.'),
(133, '2019-03-28 11:06:04', 'Utensili per fori per tornio', 'M', 29, 'Utensili per foratura al tornio', '', 'Utensili composti da un pezzo a forma di parallelepipedo (con un lato tagliato al centro) attraversato dal pezzo principale dell\'utensile (un cilindro). ', 'È importante effettuare un razionale fissaggio degli utensili in questione prendendo in considerazione l\'operazione che si vuole effettuare. L\'utilizzo di tali utensili, comunque, è strettamente legato alle operazioni di foratura che si effettuano mediante l\'utilizzo del tornio. ', 1975, 2004, 'Effettuare operazioni di foratura mediante l\'utilizzo del tornio.', 4, ''),
(134, '2019-03-28 11:18:18', 'Set di stampi per lettere', 'M', 28, 'Stampi', '', 'Cilindri con lettere in rilievo su una delle due basi.', 'Il punzone in acciaio è battuto su un parallelepipedo in rame detto matrice, per lasciare nel rame l\'impronta concava del segno inciso in rilievo sul punzone.', 1975, 2004, 'Stampare lettere su alcuni materiali.', 3, 'Manca il cilindro per lo stampo della \"W\"'),
(135, '2019-03-28 12:33:16', 'Cuscinetti a sfera', 'M', 30, 'Cuscinetti volventi a sfera', '', 'Il cuscinetto è un meccanismo utilizzato per ridurre l\'attrito tra due oggetti in movimento rotatorio o lineare tra loro.', '', 1975, 2004, 'Ridurre l\'attrito tra due oggetti.', 4, 'In base al funzionamento, i cuscinetti si suddividono in cuscinetti radenti r cuscinetti volventi.'),
(136, '2019-03-28 13:20:31', 'Morsetto', 'M', 32, 'Morsa antica', 'Antico morsetto in metallo forgiato - Nord Italia, fine XIX secolo. ', 'La morsa, in generale, è un utensile meccanico a vite usato per serrare e trattenere i pezzi in lavorazione, di solito per aggiustaggio, filettatura, segatura, fresatura, saldatura, montaggio di altri elementi, anche incollaggio.', 'Per lavorare alla morsa con agio e comodità conviene disporsi a lato, a circa 45° rispetto all\'asse della vite e a mezzo metro dal banco, assumere postura leggermente inclinata con il piede sinistro in avanti e il destro indietro e il ginocchio sinistro lievemente flesso così da poter oscillare con il corpo facendo perno sulla gamba destra durante i lavori di aggiustaggio. Nel caso di lavori di precisione la postura può essere diversa poiché conviene avvicinarsi alquanto al pezzo.\n\nP.S. --> Per i morsetti in questione non occorrono, eventualmente, tutte queste precisazioni poichè stiamo parlando di morse di piccole dimensioni e, quindi, utilizzate per bloccare pezzi di piccole dimensioni.', 1975, 2004, 'Serrare e trattenere i pezzi in lavorazione.', 3, ''),
(137, '2019-03-28 13:26:53', 'Biella', 'M', 31, 'Biella di un motore FIAT', '', 'La biella si collega da una parte al pistone, che muovendosi, fa ruotare la biella, e passa il suo moto all\'albero motore.', '', 1975, 2004, 'Trasmettere il moto.', 3, ''),
(138, '2019-03-29 09:11:58', 'Dischi metallici per acciaio per sega circolare', 'M', 35, 'Lame speciali per sega circolare', '', 'Angolo di spoglia positivo per facilitare l\'avanzamento. Angolo di spoglia negativo, particolarmente adatto per profilati in alluminio a parete sottile. Grazie alla forma del dente negativa, il pezzo non è trascinato verso la lama della sega', 'Prima di utilizzare una sega circolare è necessario bloccare il pezzo da tagliare, possibilmente inserendolo dentro una morsa o altri strumenti simili. Dopodiché è importante verificare che non vi siano pericoli per la fuoriuscita dei trucioli, in entrambe le direzioni ma principalmente verso quella opposta alla direzione di taglio. Verificate le condizioni di fissaggio della tavola e le norme sulla sicurezza bisogna impostare la profondità di taglio. In questo caso si usa lasciare almeno qualche centimetro in entrambi i lati, si regolano le guide, la linea di taglio e si applica una pressione leggera e costante fino alla conclusione dell’operazione.', 1975, 2004, 'Le seghe circolari vengono utilizzate per effettuare tagli dritti e obliqui sia lunghi che corti di estrema precisione.', 3, 'L\'acciaio indicato per la costruzione della lama della sega circolare è quello per utensili per lavorazione a freddo (ad esempio l\'X210Cr13).\nUna sua caratteristica è l\'elevato tenore di carbonio, utile a raggiungere la necessaria durezza, e di cromo, utile alla temprabilità e alla durezza (grazie ai carburi di cromo finemente dispersi) senza eccessiva diminuzione della duttilità. Per legni \"sabbiosi\" vengono usati dischi montanti placchette di Widia per la veloce riaffilatura dei denti.'),
(139, '2019-03-29 10:27:07', 'Compassi in legno', 'M', 36, 'Compasso in legno per lavagna', '', 'Il compasso è formato con due aste di legno, su una è fissato un ago come attrezzo fissante, e sull\'altra c\'è una parte cava per inserire il gesso per scrrivere.', 'Si utilizza come un compasso normale, cioè prima si fissa il compasso, si apre il compasso e si traccia la circonferenza.', 1961, 2004, 'Tracciare una circonferenza sulla lavagna.', 4, ''),
(140, '2019-03-29 10:47:16', 'Martelli in legno', 'M', 34, 'Martello', '', 'È un utensile in legno con un manico e una massa.', 'Si prende dal manico e si batte sulla superficie desiderata', 1975, 2005, 'Battere su un materiale', 3, ''),
(141, '2019-03-29 11:29:16', 'Pialle da legno', 'M', 37, 'Pialle manuali da legno', 'Denominazioni riferite alle componenti di una pialla manuale tradizionale: il ceppo, l\'impugnatura principale, la suola, la feritoia, la buca o ganascia, il ferro o coltello, il cuneo o bietta o lardone', 'Pialle manuali in legno costituite dai pezzi tradizionali citati nella sezione \"Denominazione storica\". ', 'nnanzitutto si deve rettificare con precisione la suola, vale a dire la superficie inferiore, nella quale è intagliata la feritoia. Poi è necessario rettificare il piano su cui appoggia il ferro: infatti il ferro deve essere bloccato perfettamente e non deve vibrare Per la stessa ragione è necessario controllare la buona tenuta del dispositivo di bloccaggio (vale a dire il cuneo per le pialle in legno, e il coperchio con leva a eccentrico per le pialle metalliche). Si dovrà anche controllare che la feritoia non sia troppo larga, perché in questo caso il legno tenderà a scheggiarsi e non si potrà avere una superficie ben rettificata. Per lavori di precisione è sufficiente che la feritoia sia larga quanto basta per far passare i trucioli. Infine è necessario affilare con cura il ferro.', 1975, 2004, 'Lavorazione del legno, sdrucciolamento.', 3, 'Al tempo dei romani era diventata uno strumento molto evoluto, con pochissima differenza da quello odierno; ciò è provato da reperti archeologici che hanno restituito corpi di pialle realizzate dall\'unione tra legno e metallo, e altri materiali. Infatti se si potesse trasportare un falegname dall\'antica Roma ai giorni nostri, costui si troverebbe a suo agio con lo strumento moderno.'),
(142, '2019-03-29 11:30:18', 'Sega a telaio', 'M', 38, 'Sega per la lavorazione del legno', '', 'La sega a telaio è formata da un telaio che tiene la lama lunga e sottile.\nÈ uno degli strumenti più utilizzati dal falegname per la sua versatilità, infatti le sue lame possono essere sostituite a seconda del materiale che si vuole tagliare.', '', 1975, 2004, 'Tagliare pezzi in legno.', 3, ''),
(143, '2019-03-29 11:42:25', 'Setaccio', 'M', 39, 'Setaccio', '', 'costituito da un telaio di legno di forma cilindrica cui è fissato un fondo costituito da una reticella metallica', 'Va inserita nel setaccio la sostanza polverulenta da setacciare', 1975, 2005, 'Serve a separare la parte più fine da quella più grossa di una sostanza polverulenta', 3, ''),
(144, '2019-03-29 11:44:58', 'Truschini per legno', 'M', 40, 'Truschino o graffietto per falegnameria', '', 'Ha una forma a C, ed è costituito da:\n-due listelli di legno duro, generalmente rovere;\n-due piccole punte metalliche, fissate ognuna all\'estremità di un regolo. Ciascuna punta si chiama segnatoio;\n-un supporto in legno con due fori rettangolari', 'Il truschino si usa fissando la misura dei regoli tramite i cunei a facendo quindi scorrere il supporto lungo il bordo del pezzo, ottenendo così la tracciatura di una linea parallela al bordo.', 1975, 2004, 'Strumento per la misura dell\'intensità della corrente elettrica che percorre una sezione di un conduttore.', 3, ''),
(145, '2019-03-29 12:33:10', 'Tenaglie per forgia', 'M', 41, 'Tenaglie maniscalco da forgia', '', 'Le tenaglie sono composte di due bracci che, uniti con un perno attorno al quale sono girevoli, formano una leva di primo genere.', 'Si afferra il pezzo o l\'oggetto da forgiare tramite l\'estremità che viene unita dai 2 bracci.', 1975, 2004, 'Facilitare l\'operazione di forgiatura di un determinato pezzo in questione.', 2, ''),
(146, '2019-04-01 09:17:48', 'Pinze', 'M', 42, 'Pinze', '', 'Pinze con leva', '', 1975, 2004, 'Si usa per tenere oggetti.', 3, ''),
(147, '2019-04-02 09:58:02', 'Arnese per la pulitura', 'M', 44, 'Attrezzo per la pulitura', '', '', '', 1974, 2004, '', 3, ''),
(148, '2019-04-02 09:59:17', 'Pestello', 'M', 43, 'Arnese a mano, pestello', 'lat. pist?llus e pist?llum, der. di p?stus, part. pass. di pins?re (v. pestare)lat. pist?llus e pist?llum, der. di p?stus, part. pass. di pins?re (v. pestare)', 'Arnese a mano, di dimensioni varie, a forma di bastone o piccola clava con la testa battente arrotondata o appiattita.', 'Si accoppia al mortaio per le operazioni sotto-elencate.', 1975, 2004, 'Frantumare, ridurre in polvere o in poltiglia materiali vari generalmente collocati in un recipiente robusto di sostanza dura.', 3, ''),
(149, '2019-04-03 08:55:58', 'Apparecchio di Epstein', 'E', 47, 'Apparecchio di Epstein', '', 'L\'apparecchio è costituito da quattro tubi di bachelite disposti secondo i lati di un quadrato e fissati su una base di legno. Su ogni tubo sono disposti due solenoidi, in rame, uguali, uno esterno primario magnetizzante ed uno interno secondario.', 'Si dà tensione al primario e si regola la pressione delle quattro morse disposte in corrispondenza dei giunti angolari fino ad ottenere il minimo valore di corrente magnetizzante assorbita. \nTale apparecchio risulta essere quindi un trasformatore avente rapporto di trasformazione unitario.', 1974, 2004, 'Con l\'apparecchio di Epstein vengono effettuate prove sui materiali magnetici usati nella costruzione delle macchine elettriche (trasformatori, motori ecc...). I dati rilevati possono essere elaborati con un software dedicato per ricavare risultati numerici e grafici. ', 4, ''),
(150, '2019-04-03 08:58:54', 'Calcolatrice Divisumma 26 GT Olivetti', 'I', 10, 'Calcolatrice Elettrica', 'Calcolatrice', 'Calcolatrice elettrica con tastiera ridotta a zeri multipli, può effettuare addizione, sottrazione, moltiplicazione e divisione, inoltre consente un risultato negativo.', 'Semplice calcolatrice elettrica con stampa direttamente su carta', 1967, 1980, 'Serviva per eseguire calcoli multipli o complessi', 3, ''),
(151, '2019-04-03 09:39:25', 'Elettrodi', 'M', 46, 'Elettrodi rivestiti', '', 'Un elettrodo rivestito è utilizzato nella saldatura.', '', 1975, 2004, 'Per saldature', 3, ''),
(152, '2019-04-03 09:48:43', 'Maschere protettive per saldatura', 'M', 45, 'Maschera prtettiva', '', 'Maschera con una finestra in prospettiva degli occhi ', 'Posizionare sulla faccia durante la saldatura', 1975, 2005, 'Proteggere gli occhi dagli agenti elettrici e ottici', 2, ''),
(153, '2019-04-03 10:04:35', 'Smerigliatrice', 'M', 47, 'Smerigliatrice affilatrice', 'Detta anche \"mola\"', 'È costituita di un motore elettrico fissato a un banco, alle cui due estremità sono calettati o due dischi di materiale abrasivo di grana diversa o un disco abrasivo e una spazzola metallica o un disco di telato lucidante.', 'Si accende lo strumento mediante un pulsante posizionato sulla parte anteriore in modo da azionare i dischi presenti sulle estremità.', 1962, 2004, 'Rimuovere gli spigoli sui bordi del materiale tagliato, togliere le bave di lavorazione, eliminare i trucioli solo parzialmente rimossi e, soprattutto, affilare manualmente lame e punte', 4, 'Il reperto è funzionante. Lavora a 15 cavalli, 380 Volt, 50 Hz, 2800 giri.'),
(154, '2019-04-03 11:48:47', 'Motore asincrono trifase', 'E', 48, 'Motore asincrono trifase', '', 'Il motore si compone di una parte fissa detta statore e una parte mobile detta rotore. Lo statore è formato da dei lamierini aventi la forma di corona circolare. Le scanalature interne ai lamierini statorici accolgono i conduttori statorici.', 'L\'avvolgimento statorico è alimentato con una corrente alternata; grazie alla disposizione delle coppie polari, sfasate tra loro, la corrente genera un campo magnetico complessivo che ruota nello spazio con la stessa frequenza della corrente di alimentazione (campo magnetico rotante), chiamato campo di statore. L\'avvolgimento del rotore (dotato di un certo numero di fasi, di norma chiuse in corto circuito), è immerso in questo campo magnetico rotante. Dato che il rotore gira più lentamente del campo di statore (vedi scorrimento), il flusso magnetico sotteso dall\'avvolgimento di rotore varia; di conseguenza, il campo magnetico rotante induce delle correnti nel rotore per induzione magnetica (legge di Faraday). Queste correnti indotte, a loro volta, generano un campo magnetico rotorico, che si oppone alle variazioni di flusso; esso interagisce con il campo statorico, generando una coppia sull\'avvolgimento rotorico che fa ruotare il rotore. Infatti, in accordo alla legge di Lenz, il campo magnetico indotto nel rotore ha sempre verso opposto rispetto a quello statorico.\nScorrimento: si noti la diversa velocità di rotazione tra il campo magnetico statorico (linee di campo nere) e il rotore.\nLe correnti indotte nel rotore produrranno a loro volta un campo magnetico che ruota a velocità ns ? nr rispetto al rotore, il quale ruota a velocità nr rispetto allo statore; il risultato è che il campo di rotore ruota alla velocità ns rispetto allo statore ed è dunque sincrono con il campo di statore. ', 1974, 2004, 'Trasmettere il moto.', 3, ''),
(155, '2019-04-05 08:57:33', 'Regolo Calcolatore Gigante', 'I', 29, 'Regolo Calcolatore', '', 'Può essere usato per molte delle operazioni base: Addizione, Sottrazione, Moltiplicazione, Divisione, Potenza e Radice quadrata.', 'Spostare il pezzo centrale...', 1960, 1980, 'Serve per fare i calcoli', 3, 'È da rivedere\n'),
(156, '2019-04-11 09:20:41', 'Curvilineo', 'M', 49, 'Curvilineo in metallo', '', 'Strumento in metallo per la misurazione e per il disegno di parabole, ellissi e curve di vario genere.', 'Si poggia sulla superficie sulla quale si vuole incidere o disegnare la curva, in generale, e si traccia la curva desiderata seguendo il lato del curvilineo corrispondente alla curva in questione.', 1975, 2004, 'Utilizzata nel disegno manuale per tracciare curve di raggio variabile di vario tipo.', 3, ''),
(157, '2019-04-11 09:28:42', 'Torretta porta utensili', 'M', 50, 'Torretta porta utensili per tonio', '', 'Torrette di vario tipo, con viti per montare utensili per tornio.', 'Si monta sul tornio, si montano gli utensili tra le viti e si stringe.', 1975, 2004, 'Portare gli utensili.', 3, ''),
(158, '2019-04-11 09:30:34', 'Set di generatori di corrente', 'E', 49, 'Set di generatori di corrente', '', '', 'Veniva collegato alla rete elettrica e lasciato agire.', 1974, 2004, 'Generare corrente.', 3, ''),
(159, '2019-04-11 09:49:00', 'Banco di riscontro', 'M', 52, 'Banco di riscontro grande', '', 'Il banco di riscontro viene utilizzato dai riparatori, per raddrizzare gli oggetti da riparare.', '', 1975, 2004, 'Per raddrizzare oggetti.', 3, ''),
(160, '2019-04-11 09:57:33', 'Morse da banco', 'M', 53, 'Morse da banco', '', 'Un utensile meccanico a vite usato per serrare e trattenere i pezzi in lavorazione, usato spesso in aggiustaggio.', 'Si fissa il pezzo da lavorare e si stringe la vita per tenerlo fermo.', 1975, 2004, 'Per tenere fermo un pezzo.', 3, ''),
(161, '2019-04-11 10:10:46', 'Freno Pasqualini', 'E', 50, 'Freno Pasqualini', '', 'Costituito da una elettrocalamita doppia con giogo disposto su di un sostegno che può essere regolato. Su quest\'ultimo viene montato un disco di rame massiccio che a motore in moto, ruota entro il campo magnetico prodotto dalle elettrocalamite.', 'Si equilibra il giogo (a freno diseccitato) ponendo il peso G sullo zero e spostando il contrappeso posto sull\'altro braccio; si mette in moto la macchina. Per caricare il motore basta eccitare gli elettromagneti.\nPer variare la sensibilità del freno, si può variare l\'altezza del peso: quando il peso è in alto una variazione minima di coppia squlibra immediatamente il giogo; viceversa quando il peso è in basso. Nel freno Pasqualini tutta l\'energia viene dissipata in calore nel disco e poichè il raffrddamento sia abbastanza efficace per effetto del movimento, a 1500giri/minuto non si può impiegare per potenze superiori a 12 o 13 KW. ', 2004, 1974, 'Dispositivo utilizzato per rallentare un mobile.', 3, ''),
(162, '2019-04-11 10:11:40', 'Forgia', 'M', 51, 'Forgia, macchinario per la forgiatura', '', 'Macchinario costituito da 2 pezzi principali: una cappa e un bacino, posto inferiormente rispetto alla cappa. La funzione del bacino è quello di contenere gli oggetti in lavorazione per la forgiatura; la cappa, invece, \"trattiene\" il fumo uscente.', 'Si pone l\'oggetto da forgiare sul bacino (attraverso i diversi utensili e strumenti adatti per tali operazioni di forgiatura) e si lascia riscaldarlo.', 1975, 2004, 'Facilitare l\'operazione di forgiatura dell\'oggetto in questione.', 3, ''),
(163, '2019-04-11 10:11:51', 'Macchina da taglio per tessuti', 'M', 55, 'Macchina da taglio a lama rettilinea', '', 'Macchina per tagliare stoffe.', 'Si fa avviare la macchina e si taglia la stoffa.', -1, -1, 'Per tagliare strati sovrapposti di stoffe in modo più facile e preciso.', 3, ''),
(164, '2019-04-11 10:18:33', 'Macchina per tessitura', 'M', 54, 'Telaio', '', 'Il telaio è la macchina utilizzata per la produzione di tessuti, ottenuti tramite opportuno intreccio di due serie di fili tra loro perpendicolari.', '', -1, -1, 'Per tessere', 3, ''),
(165, '2019-04-11 10:26:59', 'Trapani a colonna', 'M', 58, 'Trapani a colonna', '', 'Il trapano a colonna è una macchina utensile, utilizzata per eseguire fori o lavorazioni che richiedano l\'utilizzo di utensili rotanti.', 'Si fissa il pezzo da lavorare con la morsa, si avvia il trapano e si lavora.', 1975, 2004, 'Creare fori o lavorare con utensili rotanti', 3, ''),
(166, '2019-04-11 10:31:15', 'Fresatrice FORNINDUSTRIA', 'M', 57, 'Fresatrice', '', 'La fresatrice è uno strumento che permette di erodere un materiale attraverso il movimento veloce di una fresa (una punta particolare). Il principio di funzionamento è simile a quello del trapano.', 'La fresa è un semplice motore su cui viene montata, attraverso un mandrino, una fresa. Il motore viene acceso, la fresa ruota, viene avvicinato il pezzo da fresare e questo viene eroso e modellato secondo i bisogni. Questo attrezzo è controllato manualmente mediante le manopole e le leve presenti sul lato, che fanno spostare come desiderato la fresa.', 1975, 2004, 'Asportare materiale. Spesso si usano per lavorare il legno e realizzare intarsi, disegni e dettagli.', 3, ''),
(167, '2019-04-11 10:49:38', 'Sega circolare a dischi', 'M', 59, 'Sega circolare', '', 'La sega è uno strumento utilizzato per eseguire tagli rettilinei, è chiamata circolare per la forma della lama, un disco metallico dentato che gira.', '', 1975, 2004, 'Tagliare i metalli', 3, ''),
(168, '2019-04-11 11:05:20', 'Trapano fresa a colonna', 'M', 60, 'Trapano fresa a colonna', '', 'Trapano fresa a colonna da terra, con contenitore per l\'olio sulla base.', '', 1975, 2004, 'Per fresare o creare fori sui pezzi.', 3, ''),
(169, '2019-04-11 11:08:00', 'Rettificatrice', 'M', 61, 'Rettificatrice o \"lapidello\"', '', 'Una rettificatrice è costituita da un bancale che sostiene la tavola porta-pezzo e il montante verticale e che contiene i rotismi per il comando della traslazione longitudinale della tavola e per il comando della rotazione del mandrino porta-mola.', 'Il moto di traslazione longitudinale della tavola portapezzo è comandato da un circuito oleodinamico, che fornisce un moto molto più morbido e regolare di quello generato da una trasmissione a ingranaggi, oltre a una più facile e più rapida inversione del moto a ogni traslazione della tavola portapezzo. La mola è dotata di un moto attivo di rotazione che può avvenire attorno a un asse orizzontale o intorno a un asse verticale.', 1975, 2004, 'Consente di effettuare la finitura di pezzi metallici, ed è in grado di ottenere una notevole precisione dimensionale e geometrica e di lavorare anche su materiali molto duri come gli acciai temprati.', 3, ''),
(170, '2019-04-11 11:20:56', 'Tornio', 'M', 64, 'Tornio', '', 'Il tornio è macchina utensile utilizzata per la lavorazione di un pezzo posto in rotazione. ', 'Si fissa l\'oggetto da lavorare sul tornio, si manda l\'oggetto in rotazione, mentre l\'utensile,  su una torretta, scorre parallelamente all\'asse di rotazione.', 1975, 2004, 'Lavorare su un pezzo.', 3, ''),
(171, '2019-04-11 11:21:40', 'Mola', 'M', 63, 'Mola', '', '\nÈ uno strumento molto diffuso e usato per rimuovere gli spigoli sui bordi del materiale tagliato, togliere le bave di lavorazione, eliminare i trucioli solo parzialmente rimossi e, soprattutto, affilare manualmente lame e punte', 'Un motore fa girare il disco è con il suo movimento mola, taglia o affila in base alle esigenze', -1, -1, ' rimuovere gli spigoli sui bordi del materiale tagliato, togliere le bave di lavorazione, eliminare i trucioli solo parzialmente rimossi, affilare manualmente lame e punte', 4, ''),
(172, '2019-04-11 11:25:04', 'Macchina eliografica', 'S', 30, 'Macchina eliografica', 'Macchina eliografica', 'Macchina di riproduzione grafica consistente nell\'esposizione alla luce di una carta sensibile su cui si sia posto un negativo', 'Veniva utilizzata esponendo una carta sensibile su cui sia posto un negativo tramite ammoniaca', 1975, 2004, 'Riprodurre fotografie tramite procedimento eliografico', 3, ''),
(173, '2019-04-11 11:40:14', 'Tavolo da disegno tecnico e tecnigrafo', 'M', 62, 'Tavolo e tecnigrafo', '', 'Il tavolo viene utilizzato per il disegno tecnico ed è munito di un tecnigrafo, cioè di uno strumento professionale, dotato di barre di scorrimento ortogonali e di goniometro ad angolo regolabile.', '', 1975, 2004, 'Disegnare', 4, ''),
(174, '2019-04-11 11:51:23', 'Limatrice', 'M', 65, 'Limatrice', '', 'La limatrice è una macchina utensile, impiegata per sgrossare o scanalare la superficie piana di un pezzo.', '', 1975, 2004, 'Sgrossare o scanalare la superficie piana di un pezzo.', 3, ''),
(175, '2019-04-11 12:06:02', 'Bobinatrice da tavolo Elettronica Veneta', 'M', 56, 'Bobinatrice', '', 'Attrezzo da tavolo che permetteva di creare bobine o arrotolare dei fili', 'C\'è un pedale che schiacciandolo fa ruotare un cilindro dove veniva allocato il fulcro della bobina, il resto è storia', 1975, 2004, 'Serviva per avvolgere dei fili, solitamente di rame o ferro, intorno a un fulcro per creare una cosi detta \"bobina\"', 3, 'Da rivedere'),
(176, '2019-04-11 12:07:27', 'Bobinatrice elettronica', 'M', 66, 'Bobinatrice elettronica da tavolo', '', 'La bobinatrice è una macchina utilizzata per avvolgere su bobine, del materiale filiforme o nastriforme, come fibre tessili, pellicole, conduttori elettrici o altro. ', '', 1975, 2004, 'Avvolgere su bobine, del materiale filiforme o nastriforme', 3, ''),
(177, '2019-04-11 12:15:18', 'Cesoia per lamiere', 'M', 67, 'Cesoia', '', 'La cesoia è, in meccanica, un utensile che serve per tagliare lamiere.\nSi presenta in varie forme e strutture a seconda dello spessore della lamiera da tagliare.', '', 1975, 2004, 'Tagliare le lamiere', 3, ''),
(178, '2019-04-11 12:59:55', 'Pompa per liquidi', 'M', 68, 'Pompa', '', 'Pompa elettrica aspira-liquidi', 'Immersione di un tubo di pescaggio del liquido da spostare e accensione della pompa. Il liquido verrà aspirato dal motore elettrico per poi essere indrizzato nel tubo di uscita.', -1, -1, 'Spostamento di liquidi', 4, ''),
(179, '2019-04-11 13:02:03', 'Tagliacarta per tipografia - LLM', 'M', 60, 'Tagliacarta per tipografia', '', 'macchinario in metallo che presenta un piano sul quale si appoggiava la carta, un ferma carta e una lama per il taglio', 'si utilizzano due manopole per regolare la posizione del foglio (asse x e y) e una leva che attivava il taglio elettrico della carta.', -1, -1, 'Tagliare la carta a dimensione desiderata', 2, 'Scheda da revisionare');

-- --------------------------------------------------------

--
-- Struttura della tabella `utenti`
--

CREATE TABLE `utenti` (
  `codutente` int(3) NOT NULL,
  `username` char(32) NOT NULL,
  `password` char(64) NOT NULL,
  `nome` char(16) NOT NULL,
  `cognome` char(16) NOT NULL,
  `amministratore` tinyint(1) NOT NULL DEFAULT 0
) ENGINE=InnoDB DEFAULT CHARSET=utf8mb4 COLLATE=utf8mb4_general_ci;

--
-- Dump dei dati per la tabella `utenti`
--

INSERT INTO `utenti` (`codutente`, `username`, `password`, `nome`, `cognome`, `amministratore`) VALUES
(1, 'admin', 'e18aa767bb69a8f0ccacde1dc5678d53', 'Administrator', 'Administrator', 1);

--
-- Indici per le tabelle scaricate
--

--
-- Indici per le tabelle `acquisizioni`
--
ALTER TABLE `acquisizioni`
  ADD PRIMARY KEY (`codassoluto`,`codacquisizione`);

--
-- Indici per le tabelle `autore`
--
ALTER TABLE `autore`
  ADD PRIMARY KEY (`codautore`);

--
-- Indici per le tabelle `compostoda`
--
ALTER TABLE `compostoda`
  ADD KEY `codassoluto` (`codassoluto`),
  ADD KEY `codmateriale` (`codmateriale`);

--
-- Indici per le tabelle `didascalie`
--
ALTER TABLE `didascalie`
  ADD PRIMARY KEY (`codassoluto`,`lingua`);

--
-- Indici per le tabelle `hafatto`
--
ALTER TABLE `hafatto`
  ADD KEY `codassoluto` (`codassoluto`),
  ADD KEY `codautore` (`codautore`);

--
-- Indici per le tabelle `materiali`
--
ALTER TABLE `materiali`
  ADD PRIMARY KEY (`codmateriale`);

--
-- Indici per le tabelle `media`
--
ALTER TABLE `media`
  ADD PRIMARY KEY (`codassoluto`,`nmedia`);

--
-- Indici per le tabelle `misure`
--
ALTER TABLE `misure`
  ADD KEY `codassoluto` (`codassoluto`),
  ADD KEY `tipomisura` (`tipomisura`);

--
-- Indici per le tabelle `nomimisure`
--
ALTER TABLE `nomimisure`
  ADD PRIMARY KEY (`tipomisura`);

--
-- Indici per le tabelle `parti`
--
ALTER TABLE `parti`
  ADD PRIMARY KEY (`nparte`,`codassoluto`);

--
-- Indici per le tabelle `repertinuova`
--
ALTER TABLE `repertinuova`
  ADD PRIMARY KEY (`codassoluto`);

--
-- Indici per le tabelle `utenti`
--
ALTER TABLE `utenti`
  ADD PRIMARY KEY (`codutente`);

--
-- AUTO_INCREMENT per le tabelle scaricate
--

--
-- AUTO_INCREMENT per la tabella `autore`
--
ALTER TABLE `autore`
  MODIFY `codautore` int(3) NOT NULL AUTO_INCREMENT, AUTO_INCREMENT=117;

--
-- AUTO_INCREMENT per la tabella `materiali`
--
ALTER TABLE `materiali`
  MODIFY `codmateriale` int(3) NOT NULL AUTO_INCREMENT, AUTO_INCREMENT=18;

--
-- AUTO_INCREMENT per la tabella `repertinuova`
--
ALTER TABLE `repertinuova`
  MODIFY `codassoluto` int(3) NOT NULL AUTO_INCREMENT, AUTO_INCREMENT=181;

--
-- AUTO_INCREMENT per la tabella `utenti`
--
ALTER TABLE `utenti`
  MODIFY `codutente` int(3) NOT NULL AUTO_INCREMENT, AUTO_INCREMENT=2;
COMMIT;

/*!40101 SET CHARACTER_SET_CLIENT=@OLD_CHARACTER_SET_CLIENT */;
/*!40101 SET CHARACTER_SET_RESULTS=@OLD_CHARACTER_SET_RESULTS */;
/*!40101 SET COLLATION_CONNECTION=@OLD_COLLATION_CONNECTION */;
